Date,pcf
2005-07-28,7.1227
2005-07-29,7.1285
2005-08-01,7.11
2005-08-02,7.1403
2005-08-03,7.2107
2005-08-04,7.2205
2005-08-05,7.2527
2005-08-08,7.2361
2005-08-09,7.2205
2005-08-10,7.242
2005-08-11,7.2469
2005-08-12,7.2527
2005-08-15,7.2879
2005-08-16,7.2948
2005-08-17,7.2772
2005-08-18,7.2263
2005-08-19,7.2889
2005-08-22,7.3124
2005-08-23,7.2967
2005-08-24,7.243
2005-08-25,7.197
2005-08-26,7.1774000000000004
2005-08-29,7.1677
2005-08-30,7.2058
2005-08-31,7.2919
2005-09-01,7.3097
2005-09-02,7.2863
2005-09-05,7.3567
2005-09-06,7.3909
2005-09-07,7.3723
2005-09-08,7.3684
2005-09-09,7.3733
2005-09-12,7.3117
2005-09-13,7.3322
2005-09-14,7.3391
2005-09-15,7.3899
2005-09-16,7.3625
2005-09-19,7.3586
2005-09-20,7.4046
2005-09-21,7.3811
2005-09-22,7.3528
2005-09-23,7.4026
2005-09-26,7.4339
2005-09-27,7.4378
2005-09-28,7.4388
2005-09-29,7.476
2005-09-30,7.5034
2005-10-03,7.4721
2005-10-04,7.4779
2005-10-05,7.5611
2005-10-06,7.562
2005-10-07,7.4946
2005-10-10,7.5082
2005-10-11,7.518
2005-10-12,7.4897
2005-10-13,7.4241
2005-10-14,7.4613
2005-10-17,7.4408
2005-10-18,7.4124
2005-10-19,7.3156
2005-10-20,7.3332
2005-10-21,7.3195
2005-10-24,7.3616
2005-10-25,7.3821
2005-10-26,7.3352
2005-10-27,7.2227
2005-10-28,7.2002
2005-10-31,7.2775
2005-11-01,7.3019
2005-11-02,7.3146
2005-11-03,7.3107
2005-11-04,7.3107
2005-11-07,7.3488
2005-11-08,7.3733
2005-11-09,7.4163
2005-11-10,7.3919
2005-11-11,7.4682
2005-11-14,7.4574
2005-11-15,7.4427
2005-11-16,7.4535
2005-11-17,7.4515
2005-11-18,7.4691
2005-11-21,7.4682
2005-11-22,7.4564
2005-11-23,7.4946
2005-11-24,7.5513
2005-11-25,7.5747
2005-11-28,7.5679
2005-11-29,7.5884
2005-11-30,7.5219000000000005
2005-12-01,7.5542
2005-12-02,7.5552
2005-12-05,7.5816
2005-12-06,7.6491
2005-12-07,7.6892
2005-12-08,7.6784
2005-12-09,7.6735
2005-12-12,7.6764
2005-12-13,7.6579
2005-12-14,7.6872
2005-12-15,7.7781
2005-12-16,7.7566
2005-12-19,7.7449
2005-12-20,7.7136
2005-12-21,7.9111
2005-12-22,7.9395
2005-12-23,8.0167
2005-12-26,8.0167
2005-12-27,8.0079
2005-12-28,7.7497
2005-12-29,8.0034
2005-12-30,8.0112
2006-01-02,10.0547
2006-01-03,10.1762
2006-01-04,10.2474
2006-01-05,10.2634
2006-01-06,10.2892
2006-01-09,10.4316
2006-01-10,10.3788
2006-01-11,10.4869
2006-01-12,10.3874
2006-01-13,10.4095
2006-01-16,10.4279
2006-01-17,10.3751
2006-01-18,10.3015
2006-01-19,10.2744
2006-01-20,10.2315
2006-01-23,10.2278
2006-01-24,10.1873
2006-01-25,10.2094
2006-01-26,10.2266
2006-01-27,10.202
2006-01-30,10.202
2006-01-31,10.2057
2006-02-01,10.3125
2006-02-02,10.1971
2006-02-03,10.2278
2006-02-06,10.2781
2006-02-07,10.8
2006-02-08,10.8552
2006-02-09,10.8319
2006-02-10,10.8675
2006-02-13,10.8896
2006-02-14,10.9313
2006-02-15,10.978
2006-02-16,11.0161
2006-02-17,11.0296
2006-02-20,11.0197
2006-02-21,11.0799
2006-02-22,11.1241
2006-02-23,11.1437
2006-02-24,11.1904
2006-02-27,11.2248
2006-02-28,11.0995
2006-03-01,11.149
2006-03-02,11.1098
2006-03-03,11.1049
2006-03-06,11.2618
2006-03-07,11.2177
2006-03-08,11.2079
2006-03-09,11.2434
2006-03-10,11.306
2006-03-13,11.4752
2006-03-14,11.5647
2006-03-15,11.7952
2006-03-16,11.7216
2006-03-17,11.7069
2006-03-20,11.7192
2006-03-21,11.7363
2006-03-22,11.7792
2006-03-23,11.7707
2006-03-24,11.8111
2006-03-27,11.7915
2006-03-28,11.7486
2006-03-29,11.8602
2006-03-30,11.9521
2006-03-31,12.4501
2006-04-03,12.4732
2006-04-04,12.4232
2006-04-05,12.4963
2006-04-06,12.463
2006-04-07,12.5296
2006-04-10,12.5232
2006-04-11,12.4642
2006-04-12,12.436
2006-04-13,12.4745
2006-04-14,12.4745
2006-04-17,12.4745
2006-04-18,12.4476
2006-04-19,12.5142
2006-04-20,12.4706
2006-04-21,12.4681
2006-04-24,12.4899
2006-04-25,12.3732
2006-04-26,12.354
2006-04-27,12.7285
2006-04-28,12.6754
2006-05-01,12.6754
2006-05-02,12.6661
2006-05-03,12.6196
2006-05-04,12.6555
2006-05-05,12.5957
2006-05-08,12.6369
2006-05-09,12.5944
2006-05-10,12.5705
2006-05-11,12.5652
2006-05-12,12.4616
2006-05-15,12.3845
2006-05-16,12.1959
2006-05-17,12.0179
2006-05-18,11.9024
2006-05-19,11.8107
2006-05-22,11.7337
2006-05-23,11.7855
2006-05-24,11.7988
2006-05-25,11.8333
2006-05-26,12.0047
2006-05-29,11.9914
2006-05-30,11.8227
2006-05-31,11.7882
2006-06-01,11.9756
2006-06-02,12.1945
2006-06-05,12.1823
2006-06-06,12.1607
2006-06-07,12.2917
2006-06-08,12.0945
2006-06-09,12.1553
2006-06-12,12.0742
2006-06-13,11.854
2006-06-14,11.7798
2006-06-15,11.9162
2006-06-16,11.8986
2006-06-19,11.9459
2006-06-20,11.9202
2006-06-21,12.0189
2006-06-22,12.081
2006-06-23,12.104
2006-06-26,12.0594
2006-06-27,12.0675
2006-06-28,12.0634
2006-06-29,12.1094
2006-06-30,7.2937
2006-07-03,7.3107
2006-07-04,7.2929
2006-07-05,7.2629
2006-07-06,7.2848
2006-07-07,7.2953
2006-07-10,7.3115
2006-07-11,7.2945
2006-07-12,7.2823
2006-07-13,7.2621
2006-07-14,7.2249
2006-07-17,7.2087
2006-07-18,7.1917
2006-07-19,7.2694
2006-07-20,7.2694
2006-07-21,7.2621
2006-07-24,7.288
2006-07-25,7.3366
2006-07-26,7.3617
2006-07-27,7.3908
2006-07-28,7.4143
2006-07-31,7.4086
2006-08-01,7.4102
2006-08-02,7.441
2006-08-03,7.4629
2006-08-04,7.4694
2006-08-07,7.4637
2006-08-08,7.4912
2006-08-09,7.526
2006-08-10,7.5034
2006-08-11,7.5024999999999995
2006-08-14,7.5301
2006-08-15,7.5228
2006-08-16,7.5738
2006-08-17,7.556
2006-08-18,7.5778
2006-08-21,7.5471
2006-08-22,7.5778
2006-08-23,7.577
2006-08-24,7.5738
2006-08-25,7.5616
2006-08-28,7.6305
2006-08-29,7.6029
2006-08-30,7.6175
2006-08-31,7.6094
2006-09-01,7.6112
2006-09-04,7.6443
2006-09-05,7.6338
2006-09-06,7.6176
2006-09-07,7.5837
2006-09-08,7.6168
2006-09-11,7.5788
2006-09-12,7.6039
2006-09-13,7.6378
2006-09-14,7.6168
2006-09-15,7.6491
2006-09-18,7.6411
2006-09-19,7.6516
2006-09-20,7.679
2006-09-21,7.6992
2006-09-22,7.6984
2006-09-25,7.6774000000000004
2006-09-26,7.696
2006-09-27,7.818
2006-09-28,7.8584
2006-09-29,7.8746
2006-10-02,7.606
2006-10-03,7.5757
2006-10-04,7.6346
2006-10-05,7.6098
2006-10-06,7.6145
2006-10-09,7.6323
2006-10-10,7.6432
2006-10-11,7.6346
2006-10-12,7.6502
2006-10-13,7.6556
2006-10-16,7.6370000000000005
2006-10-17,7.6277
2006-10-18,7.6494
2006-10-19,7.6385
2006-10-20,7.654
2006-10-23,7.6788
2006-10-24,7.6548
2006-10-25,7.7261
2006-10-26,7.7261
2006-10-27,7.7308
2006-10-30,7.7099
2006-10-31,7.6897
2006-11-01,7.6866
2006-11-02,7.6882
2006-11-03,7.6889
2006-11-06,7.7587
2006-11-07,7.7634
2006-11-08,7.7603
2006-11-09,7.7657
2006-11-10,7.761
2006-11-13,7.7587
2006-11-14,7.7401
2006-11-15,7.7734
2006-11-16,7.7634
2006-11-17,7.7486
2006-11-20,7.7285
2006-11-21,7.7626
2006-11-22,7.7424
2006-11-23,7.7455
2006-11-24,7.7393
2006-11-27,7.7517
2006-11-28,7.7285
2006-11-29,7.7455
2006-11-30,7.7734
2006-12-01,7.7501999999999995
2006-12-04,7.7742
2006-12-05,7.8145
2006-12-06,7.8944
2006-12-07,7.8836
2006-12-08,7.8998
2006-12-11,7.9045
2006-12-12,7.9239
2006-12-13,7.9634
2006-12-14,8.0061
2006-12-15,8.1007
2006-12-18,8.1255
2006-12-19,8.1356
2006-12-20,8.0937
2006-12-21,8.1224
2006-12-22,8.0875
2006-12-25,8.0875
2006-12-26,8.0875
2006-12-27,8.1007
2006-12-28,8.1332
2006-12-29,8.1774
2007-01-01,8.1774
2007-01-02,6.7544
2007-01-03,6.7544
2007-01-04,6.787
2007-01-05,6.7704
2007-01-08,6.8068
2007-01-09,6.8336
2007-01-10,6.8572
2007-01-11,6.9103
2007-01-12,6.9313
2007-01-15,6.9281
2007-01-16,6.9415
2007-01-17,6.978
2007-01-18,6.9831
2007-01-19,6.946
2007-01-22,6.9134
2007-01-23,6.9077
2007-01-24,6.9269
2007-01-25,6.9243
2007-01-26,6.9281
2007-01-29,6.953
2007-01-30,6.978
2007-01-31,6.9358
2007-02-01,6.9741
2007-02-02,6.9728
2007-02-05,6.9882
2007-02-06,7.0156
2007-02-07,7.0629
2007-02-08,7.084
2007-02-09,7.1293
2007-02-12,7.0935
2007-02-13,7.0725
2007-02-14,7.1038
2007-02-15,7.1466
2007-02-16,7.2526
2007-02-19,7.3062000000000005
2007-02-20,7.319
2007-02-21,7.2551
2007-02-22,7.2922
2007-02-23,7.2232
2007-02-26,7.2085
2007-02-27,7.0827
2007-02-28,7.0022
2007-03-01,7.0035
2007-03-02,6.9486
2007-03-05,6.8668
2007-03-06,6.9243
2007-03-07,6.8853
2007-03-08,6.953
2007-03-09,6.9543
2007-03-12,7.0041
2007-03-13,6.9473
2007-03-14,6.8247
2007-03-15,6.8758
2007-03-16,6.8228
2007-03-19,6.9071
2007-03-20,6.8975
2007-03-21,6.9211
2007-03-22,6.9799
2007-03-23,7.0412
2007-03-26,7.0693
2007-03-27,7.0316
2007-03-28,6.9607
2007-03-29,6.992
2007-03-30,6.9767
2007-04-02,6.8149
2007-04-03,6.8632
2007-04-04,6.8786000000000005
2007-04-05,6.878
2007-04-06,6.878
2007-04-09,6.878
2007-04-10,6.8879
2007-04-11,6.8848
2007-04-12,6.8533
2007-04-13,6.886
2007-04-16,6.9701
2007-04-17,6.9633
2007-04-18,6.98
2007-04-19,6.9949
2007-04-20,7.0598
2007-04-23,7.0239
2007-04-24,6.9757
2007-04-25,7.0641
2007-04-26,7.0827
2007-04-27,7.1049
2007-04-30,7.0759
2007-05-01,7.0759
2007-05-02,7.0685
2007-05-03,7.0598
2007-05-04,7.1086
2007-05-07,7.134
2007-05-08,7.108
2007-05-09,7.126
2007-05-10,7.0938
2007-05-11,7.066
2007-05-14,7.0346
2007-05-15,6.9894
2007-05-16,6.9961
2007-05-17,7.0743
2007-05-18,7.1128
2007-05-21,7.1183
2007-05-22,7.1966
2007-05-23,7.2858
2007-05-24,7.32
2007-05-25,7.3126999999999995
2007-05-28,7.3705
2007-05-29,7.4193999999999996
2007-05-30,7.4078
2007-05-31,7.5239
2007-06-01,7.3445
2007-06-04,7.2791
2007-06-05,7.1892
2007-06-06,7.1047
2007-06-07,7.0519
2007-06-08,7.0627
2007-06-11,7.1431000000000004
2007-06-12,7.1556
2007-06-13,7.1814
2007-06-14,7.263
2007-06-15,7.2995
2007-06-18,7.3013
2007-06-19,7.3055
2007-06-20,7.4074
2007-06-21,7.3739
2007-06-22,7.3625
2007-06-25,7.4164
2007-06-26,7.4548
2007-06-27,7.3667
2007-06-28,7.4193999999999996
2007-06-29,7.4254
2007-07-02,7.8241
2007-07-03,7.8051
2007-07-04,7.8784
2007-07-05,7.8159
2007-07-06,7.8355
2007-07-09,7.8285
2007-07-10,7.8203
2007-07-11,7.7698
2007-07-12,7.8064
2007-07-13,7.8424
2007-07-16,7.9119
2007-07-17,7.9365
2007-07-18,7.8972999999999995
2007-07-19,7.8948
2007-07-20,7.9024
2007-07-23,7.8967
2007-07-24,7.7780000000000005
2007-07-25,7.7988
2007-07-26,7.6611
2007-07-27,7.6264
2007-07-30,7.6908
2007-07-31,7.7565
2007-08-01,7.6245
2007-08-02,7.6555
2007-08-03,7.6592
2007-08-06,7.6138
2007-08-07,7.622
2007-08-08,7.7635
2007-08-09,7.6744
2007-08-10,7.4811
2007-08-13,7.4925
2007-08-14,7.4053
2007-08-15,7.3719
2007-08-16,7.1192
2007-08-17,7.2001
2007-08-20,7.2765
2007-08-21,7.2588
2007-08-22,7.3529
2007-08-23,7.3826
2007-08-24,7.3965
2007-08-27,7.4167
2007-08-28,7.3321
2007-08-29,7.3144
2007-08-30,7.2683
2007-08-31,7.3573
2007-09-03,7.3984
2007-09-04,7.4085
2007-09-05,7.3850999999999996
2007-09-06,7.3624
2007-09-07,7.1849
2007-09-10,7.0914
2007-09-11,7.1211
2007-09-12,7.1148
2007-09-13,7.0927
2007-09-14,7.0479
2007-09-17,6.938
2007-09-18,6.9317
2007-09-19,7.0952
2007-09-20,7.0194
2007-09-21,7.0409
2007-09-24,6.979
2007-09-25,6.8047
2007-09-26,6.8224
2007-09-27,6.9367
2007-09-28,6.9708
2007-10-01,6.7787
2007-10-02,6.9105
2007-10-03,7.0283
2007-10-04,7.0075
2007-10-05,7.0514
2007-10-08,7.0411
2007-10-09,7.0728
2007-10-10,7.0539
2007-10-11,7.1356
2007-10-12,7.1491
2007-10-15,7.1131
2007-10-16,7.0624
2007-10-17,7.121
2007-10-18,7.1606
2007-10-19,7.1295
2007-10-22,7.0691
2007-10-23,7.1448
2007-10-24,7.085
2007-10-25,7.1362
2007-10-26,7.2546
2007-10-29,7.3174
2007-10-30,7.3339
2007-10-31,7.4516
2007-11-01,7.4033
2007-11-02,7.3438
2007-11-05,7.3098
2007-11-06,7.4373000000000005
2007-11-07,7.4187
2007-11-08,7.4559
2007-11-09,7.4701
2007-11-12,7.5104
2007-11-13,7.459
2007-11-14,7.4658
2007-11-15,7.42
2007-11-16,7.3996
2007-11-19,7.2881
2007-11-20,7.2807
2007-11-21,7.2145
2007-11-22,7.3197
2007-11-23,7.4132
2007-11-26,7.3383
2007-11-27,7.2695
2007-11-28,7.3661
2007-11-29,7.3414
2007-11-30,7.3568
2007-12-03,7.3468
2007-12-04,7.5039
2007-12-05,7.4925
2007-12-06,7.4723
2007-12-07,7.4698
2007-12-10,7.4288
2007-12-11,7.4692
2007-12-12,7.4106
2007-12-13,7.2744
2007-12-14,7.3853
2007-12-17,7.4011
2007-12-18,7.3967
2007-12-19,7.3444
2007-12-20,7.2851
2007-12-21,7.321
2007-12-24,7.3563
2007-12-25,7.3563
2007-12-26,7.3563
2007-12-27,7.2674
2007-12-28,7.2498
2007-12-31,11.0456
2008-01-01,11.0456
2008-01-02,10.9401
2008-01-03,10.8672
2008-01-04,10.806799999999999
2008-01-07,10.9008
2008-01-08,10.99
2008-01-09,10.8518
2008-01-10,10.7751
2008-01-11,10.635
2008-01-14,10.6206
2008-01-15,10.4786
2008-01-16,10.1908
2008-01-17,10.1745
2008-01-18,10.1592
2008-01-21,9.5653
2008-01-22,9.5346
2008-01-23,9.2563
2008-01-24,9.5509
2008-01-25,9.657399999999999
2008-01-28,9.5873
2008-01-29,9.549
2008-01-30,9.4866
2008-01-31,9.4233
2008-02-01,9.5089
2008-02-04,9.5322
2008-02-05,9.2296
2008-02-06,9.319
2008-02-07,9.2566
2008-02-08,9.2399
2008-02-11,9.1486
2008-02-12,9.3125
2008-02-13,9.4047
2008-02-14,9.4382
2008-02-15,9.3264
2008-02-18,9.3367
2008-02-19,9.305
2008-02-20,9.1821
2008-02-21,9.1421
2008-02-22,9.0099
2008-02-25,9.0862
2008-02-26,9.1579
2008-02-27,9.1076
2008-02-28,9.0145
2008-02-29,8.9847
2008-03-03,8.9385
2008-03-04,8.8661
2008-03-05,9.0326
2008-03-06,8.9385
2008-03-07,8.9103
2008-03-10,8.7523
2008-03-11,8.7533
2008-03-12,8.7157
2008-03-13,8.5285
2008-03-14,8.4298
2008-03-17,8.1768
2008-03-18,8.3555
2008-03-19,8.3386
2008-03-20,8.3263
2008-03-21,8.3263
2008-03-24,8.3263
2008-03-25,8.6433
2008-03-26,8.6348
2008-03-27,8.6705
2008-03-28,8.7599
2008-03-31,7.7102
2008-04-01,7.8289
2008-04-02,8.0136
2008-04-03,8.0429
2008-04-04,8.0278
2008-04-07,8.8329
2008-04-08,8.8456
2008-04-09,8.8302
2008-04-10,8.8112
2008-04-11,8.8057
2008-04-14,8.7549
2008-04-15,8.7776
2008-04-16,8.8447
2008-04-17,8.8375
2008-04-18,8.9182
2008-04-21,8.8266
2008-04-22,8.8248
2008-04-23,8.7304
2008-04-24,8.7214
2008-04-25,8.8157
2008-04-28,8.8475
2008-04-29,8.725
2008-04-30,8.6987
2008-05-01,8.6987
2008-05-02,8.8674
2008-05-05,8.7676
2008-05-06,8.8629
2008-05-07,9.0071
2008-05-08,8.9418
2008-05-09,8.8828
2008-05-12,8.8075
2008-05-13,8.8502
2008-05-14,8.8311
2008-05-15,8.6969
2008-05-16,8.6687
2008-05-19,8.7078
2008-05-20,8.6034
2008-05-21,8.5408
2008-05-22,8.705400000000001
2008-05-23,8.6317
2008-05-26,8.5976
2008-05-27,8.5986
2008-05-28,8.5939
2008-05-29,8.5313
2008-05-30,8.547
2008-06-02,9.2732
2008-06-03,9.2722
2008-06-04,9.1229
2008-06-05,9.1551
2008-06-06,9.0149
2008-06-09,8.9321
2008-06-10,8.925
2008-06-11,8.8322
2008-06-12,8.8877
2008-06-13,8.8877
2008-06-16,8.8665
2008-06-17,8.9079
2008-06-18,8.8292
2008-06-19,8.6354
2008-06-20,8.4587
2008-06-23,8.4184
2008-06-24,8.2054
2008-06-25,8.3174
2008-06-26,8.0843
2008-06-27,7.8825
2008-06-30,10.577
2008-07-01,10.0882
2008-07-02,10.3689
2008-07-03,10.3716
2008-07-04,10.1511
2008-07-07,10.3073
2008-07-08,10.3757
2008-07-09,10.574300000000001
2008-07-10,10.4195
2008-07-11,10.1621
2008-07-14,9.9937
2008-07-15,9.6144
2008-07-16,9.88
2008-07-17,10.2552
2008-07-18,10.6414
2008-07-21,10.7769
2008-07-22,10.5332
2008-07-23,10.6729
2008-07-24,10.551
2008-07-25,10.5387
2008-07-28,10.3675
2008-07-29,10.2566
2008-07-30,10.3073
2008-07-31,10.31
2008-08-01,10.1744
2008-08-04,10.0882
2008-08-05,10.0389
2008-08-06,9.8225
2008-08-07,9.8704
2008-08-08,9.891
2008-08-11,10.1963
2008-08-12,10.3278
2008-08-13,10.1046
2008-08-14,10.1183
2008-08-15,10.1635
2008-08-18,10.1128
2008-08-19,9.8786
2008-08-20,9.8704
2008-08-21,9.7705
2008-08-22,9.9211
2008-08-25,9.88
2008-08-26,9.8937
2008-08-27,9.9088
2008-08-28,10.043
2008-08-29,10.1416
2008-09-01,10.5053
2008-09-02,10.5813
2008-09-03,10.7235
2008-09-04,10.5095
2008-09-05,10.270199999999999
2008-09-08,10.5081
2008-09-09,10.3561
2008-09-10,10.2026
2008-09-11,10.0632
2008-09-12,10.1773
2008-09-15,9.8873
2008-09-16,9.9309
2008-09-17,9.7493
2008-09-18,9.41
2008-09-19,10.1984
2008-09-22,10.1533
2008-09-23,10.0055
2008-09-24,9.99
2008-09-25,10.0407
2008-09-26,10.0787
2008-09-29,9.7042
2008-09-30,11.8461
2008-10-01,11.7907
2008-10-02,11.5036
2008-10-03,11.3407
2008-10-06,10.1823
2008-10-07,10.1185
2008-10-08,9.776
2008-10-09,9.8751
2008-10-10,9.3798
2008-10-13,10.3351
2008-10-14,10.8237
2008-10-15,10.5601
2008-10-16,10.0547
2008-10-17,10.1387
2008-10-20,10.3737
2008-10-21,10.132
2008-10-22,9.6468
2008-10-23,9.5645
2008-10-24,9.0306
2008-10-27,8.8224
2008-10-28,8.8711
2008-10-29,9.588
2008-10-30,9.5779
2008-10-31,9.677
2008-11-03,10.0144
2008-11-04,10.5601
2008-11-05,10.372
2008-11-06,9.9339
2008-11-07,10.0866
2008-11-10,10.0732
2008-11-11,9.9154
2008-11-12,9.7542
2008-11-13,9.7542
2008-11-14,9.8314
2008-11-17,9.6518
2008-11-18,9.6887
2008-11-19,9.4587
2008-11-20,9.0961
2008-11-21,8.8224
2008-11-24,9.1733
2008-11-25,9.1717
2008-11-26,8.2748
2008-11-27,8.3715
2008-11-28,8.4665
2008-12-01,8.334
2008-12-02,8.2541
2008-12-03,8.369
2008-12-04,8.3736
2008-12-05,8.0424
2008-12-08,8.2437
2008-12-09,8.3504
2008-12-10,8.2985
2008-12-11,8.2619
2008-12-12,8.1737
2008-12-15,8.232
2008-12-16,8.2482
2008-12-17,8.3676
2008-12-18,8.386
2008-12-19,8.2662
2008-12-22,8.2714
2008-12-23,8.2899
2008-12-24,8.3272
2008-12-25,8.3272
2008-12-26,8.3272
2008-12-29,8.3821
2008-12-30,8.4709
2008-12-31,2.124
2009-01-01,2.124
2009-01-02,2.1562
2009-01-05,2.2046
2009-01-06,2.2474
2009-01-07,2.2428
2009-01-08,2.2145
2009-01-09,2.205
2009-01-12,2.1789
2009-01-13,2.1706
2009-01-14,2.0953
2009-01-15,2.1252
2009-01-16,2.1615
2009-01-19,2.1395
2009-01-20,2.1176
2009-01-21,2.0911
2009-01-22,2.1077
2009-01-23,2.1221
2009-01-26,2.1426
2009-01-27,2.1225
2009-01-28,2.1539
2009-01-29,2.1543
2009-01-30,2.1702
2009-02-02,2.1354
2009-02-03,2.1501
2009-02-04,2.1683
2009-02-05,2.1463
2009-02-06,2.1814999999999998
2009-02-09,2.1793
2009-02-10,2.1569
2009-02-11,2.1706
2009-02-12,2.1501
2009-02-13,2.1645
2009-02-16,2.1365
2009-02-17,2.0676
2009-02-18,2.079
2009-02-19,2.0699
2009-02-20,2.0279
2009-02-23,2.0249
2009-02-24,1.9859
2009-02-25,1.9624000000000001
2009-02-26,2.0007
2009-02-27,2.0143
2009-03-02,1.9691999999999998
2009-03-03,1.9203999999999999
2009-03-04,1.9529999999999998
2009-03-05,1.9257
2009-03-06,1.9435
2009-03-09,1.9318
2009-03-10,1.9681
2009-03-11,1.9889000000000001
2009-03-12,2.0082
2009-03-13,2.0139
2009-03-16,2.0237
2009-03-17,2.0249
2009-03-18,2.0502
2009-03-19,1.8507
2009-03-20,1.8396
2009-03-23,1.8777
2009-03-24,1.8466
2009-03-25,1.845
2009-03-26,1.8052000000000001
2009-03-27,1.7856
2009-03-30,1.7755
2009-03-31,1.8466
2009-04-01,1.862
2009-04-02,1.9340000000000002
2009-04-03,1.9112
2009-04-06,1.9255
2009-04-07,1.9293
2009-04-08,1.9378
2009-04-09,1.9781
2009-04-10,1.9781
2009-04-13,1.9781
2009-04-14,1.9910999999999999
2009-04-15,1.9788000000000001
2009-04-16,1.9969000000000001
2009-04-17,2.016
2009-04-20,1.9962
2009-04-21,1.9272
2009-04-22,1.9463
2009-04-23,1.9395
2009-04-24,1.9607
2009-04-27,1.9518
2009-04-28,1.9303
2009-04-29,1.9719
2009-04-30,1.9941
2009-05-01,1.9941
2009-05-04,2.0426
2009-05-05,2.0396
2009-05-06,2.0908
2009-05-07,2.1208
2009-05-08,2.1478
2009-05-11,2.1085
2009-05-12,2.0686
2009-05-13,2.046
2009-05-14,2.0761
2009-05-15,2.0833
2009-05-18,2.0983
2009-05-19,2.1345
2009-05-20,2.1403
2009-05-21,2.1092
2009-05-22,2.1212
2009-05-25,2.1178
2009-05-26,2.1294
2009-05-27,2.1437
2009-05-28,2.1304
2009-05-29,2.1294
2009-06-01,1.972
2009-06-02,1.9604
2009-06-03,1.9457
2009-06-04,1.9391
2009-06-05,1.9353
2009-06-08,1.9045999999999998
2009-06-09,1.9391
2009-06-10,1.9218
2009-06-11,1.9441000000000002
2009-06-12,1.9441000000000002
2009-06-15,1.9209
2009-06-16,1.9153
2009-06-17,1.8716
2009-06-18,1.8883
2009-06-19,1.9243999999999999
2009-06-22,1.8923999999999999
2009-06-23,1.908
2009-06-24,1.9205999999999999
2009-06-25,1.9272
2009-06-26,1.9275
2009-06-29,1.9487999999999999
2009-06-30,1.7928
2009-07-01,1.8255
2009-07-02,1.7953999999999999
2009-07-03,1.8069
2009-07-06,1.7917
2009-07-07,1.7894
2009-07-08,1.779
2009-07-09,1.7819
2009-07-10,1.7569
2009-07-13,1.7835999999999999
2009-07-14,1.7913999999999999
2009-07-15,1.8237999999999999
2009-07-16,1.8117999999999999
2009-07-17,1.8169
2009-07-20,1.8307
2009-07-21,1.8298999999999999
2009-07-22,1.8237999999999999
2009-07-23,1.8319
2009-07-24,1.8258
2009-07-27,1.835
2009-07-28,1.837
2009-07-29,1.8468
2009-07-30,1.8468
2009-07-31,1.833
2009-08-03,1.8662999999999998
2009-08-04,1.8787
2009-08-05,1.8747
2009-08-06,1.8672
2009-08-07,1.8686
2009-08-10,1.8686
2009-08-11,1.8646
2009-08-12,1.8758
2009-08-13,1.8860999999999999
2009-08-14,1.8907
2009-08-17,1.8569
2009-08-18,1.8738000000000001
2009-08-19,1.8827
2009-08-20,1.8991
2009-08-21,1.9268999999999998
2009-08-24,1.9502000000000002
2009-08-25,1.9534
2009-08-26,1.9519
2009-08-27,1.9407
2009-08-28,1.9407
2009-08-31,1.943
2009-09-01,1.9355
2009-09-02,1.9037
2009-09-03,1.9229
2009-09-04,1.9409999999999998
2009-09-07,1.9697
2009-09-08,1.9634
2009-09-09,1.9717
2009-09-10,1.9849
2009-09-11,1.9952999999999999
2009-09-14,1.9947
2009-09-15,2.0148
2009-09-16,2.0421
2009-09-17,2.0806
2009-09-18,2.0651
2009-09-21,2.0453
2009-09-22,2.0545
2009-09-23,2.0501
2009-09-24,2.0427
2009-09-25,2.0349
2009-09-28,2.057
2009-09-29,2.0591
2009-09-30,2.0115
2009-10-01,2.0087
2009-10-02,1.9858
2009-10-05,2.002
2009-10-06,2.0521
2009-10-07,2.061
2009-10-08,2.0789
2009-10-09,2.0789
2009-10-12,2.0962
2009-10-13,2.0694
2009-10-14,2.1091
2009-10-15,2.0965
2009-10-16,2.0884
2009-10-19,2.0987
2009-10-20,2.0929
2009-10-21,2.0876
2009-10-22,2.0585
2009-10-23,2.0448
2009-10-26,2.0222
2009-10-27,2.0255
2009-10-28,1.9744000000000002
2009-10-29,2.0275
2009-10-30,1.9931
2009-11-02,2.0031
2009-11-03,1.9816
2009-11-04,2.0202
2009-11-05,2.0291
2009-11-06,2.0286
2009-11-09,2.0437
2009-11-10,2.04
2009-11-11,2.0398
2009-11-12,2.0331
2009-11-13,2.0406
2009-11-16,2.0532
2009-11-17,2.0386
2009-11-18,2.0473
2009-11-19,2.0213
2009-11-20,2.0216
2009-11-23,2.0428
2009-11-24,2.0303
2009-11-25,2.0314
2009-11-26,1.9917
2009-11-27,2.0107
2009-11-30,1.9867
2009-12-01,2.0088
2009-12-02,2.0085
2009-12-03,2.0091
2009-12-04,2.0135
2009-12-07,2.0055
2009-12-08,1.9827
2009-12-09,1.9468
2009-12-10,1.9635
2009-12-11,1.9809999999999999
2009-12-14,1.9924
2009-12-15,1.9929999999999999
2009-12-16,2.0066
2009-12-17,1.9827
2009-12-18,1.9931999999999999
2009-12-21,2.0197
2009-12-22,2.0349
2009-12-23,2.043
2009-12-24,2.045
2009-12-25,2.045
2009-12-28,2.0386
2009-12-29,2.0539
2009-12-30,2.0605
2009-12-31,11.5285
2010-01-01,11.5285
2010-01-04,11.6898
2010-01-05,11.7399
2010-01-06,11.743
2010-01-07,11.8464
2010-01-08,11.9513
2010-01-11,11.8949
2010-01-12,11.7947
2010-01-13,11.8026
2010-01-14,11.7336
2010-01-15,11.4471
2010-01-18,11.4925
2010-01-19,11.4314
2010-01-20,11.2263
2010-01-21,11.1308
2010-01-22,10.9742
2010-01-25,10.9272
2010-01-26,10.9225
2010-01-27,10.8536
2010-01-28,10.7173
2010-01-29,10.6829
2010-02-01,10.744
2010-02-02,10.8176
2010-02-03,10.5075
2010-02-04,10.055
2010-02-05,9.9344
2010-02-08,10.0581
2010-02-09,10.1301
2010-02-10,10.2851
2010-02-11,10.2225
2010-02-12,10.1364
2010-02-15,10.1332
2010-02-16,10.2194
2010-02-17,10.2491
2010-02-18,10.3603
2010-02-19,10.4934
2010-02-22,10.5059
2010-02-23,10.3447
2010-02-24,10.2648
2010-02-25,10.1035
2010-02-26,10.2272
2010-03-01,10.3713
2010-03-02,10.4073
2010-03-03,10.4621
2010-03-04,10.526299999999999
2010-03-05,10.7737
2010-03-08,10.7111
2010-03-09,10.6531
2010-03-10,10.812899999999999
2010-03-11,10.7925
2010-03-12,10.7878
2010-03-15,10.7048
2010-03-16,10.8442
2010-03-17,11.0431
2010-03-18,10.9663
2010-03-19,10.9413
2010-03-22,10.8066
2010-03-23,10.9162
2010-03-24,10.7988
2010-03-25,10.899000000000001
2010-03-26,10.9319
2010-03-29,11.029
2010-03-30,11.0196
2010-03-31,9.8902
2010-04-01,9.9763
2010-04-02,9.9763
2010-04-05,9.9763
2010-04-06,9.9805
2010-04-07,9.9184
2010-04-08,9.845
2010-04-09,10.0427
2010-04-12,10.1302
2010-04-13,10.0921
2010-04-14,10.1838
2010-04-15,10.1387
2010-04-16,9.9142
2010-04-19,9.8026
2010-04-20,9.9452
2010-04-21,9.7673
2010-04-22,9.530100000000001
2010-04-23,9.5697
2010-04-26,9.252
2010-04-27,8.7903
2010-04-28,8.6618
2010-04-29,9.012
2010-04-30,9.1165
2010-05-03,9.1108
2010-05-04,8.7748
2010-05-05,8.6209
2010-05-06,8.4162
2010-05-07,8.1394
2010-05-10,9.0261
2010-05-11,8.8228
2010-05-12,9.0741
2010-05-13,9.036
2010-05-14,8.6661
2010-05-17,8.6774
2010-05-18,8.7084
2010-05-19,8.5136
2010-05-20,8.3329
2010-05-21,8.3851
2010-05-24,8.4091
2010-05-25,8.1889
2010-05-26,8.4246
2010-05-27,8.8805
2010-05-28,8.849
2010-05-31,8.8561
2010-06-01,8.9077
2010-06-02,8.8647
2010-06-03,8.9349
2010-06-04,8.7545
2010-06-07,8.7145
2010-06-08,8.6157
2010-06-09,8.6615
2010-06-10,8.9005
2010-06-11,8.9463
2010-06-14,9.0079
2010-06-15,9.0193
2010-06-16,9.1023
2010-06-17,9.0794
2010-06-18,9.2798
2010-06-21,9.3485
2010-06-22,9.3141
2010-06-23,9.2311
2010-06-24,9.0365
2010-06-25,9.0193
2010-06-28,8.9878
2010-06-29,8.7674
2010-06-30,1.4276
2010-07-01,1.4228
2010-07-02,1.4343
2010-07-05,1.4413
2010-07-06,1.4693
2010-07-07,1.4934
2010-07-08,1.5041
2010-07-09,1.4779
2010-07-12,1.4748999999999999
2010-07-13,1.474
2010-07-14,1.4661
2010-07-15,1.4714
2010-07-16,1.442
2010-07-19,1.4367
2010-07-20,1.4455
2010-07-21,1.438
2010-07-22,1.4698
2010-07-23,1.4642
2010-07-26,1.4689
2010-07-27,1.4879
2010-07-28,1.5038
2010-07-29,1.4955
2010-07-30,1.4888
2010-08-02,1.5161
2010-08-03,1.5159
2010-08-04,1.5253999999999999
2010-08-05,1.5187
2010-08-06,1.4932
2010-08-09,1.5124
2010-08-10,1.5043
2010-08-11,1.4733
2010-08-12,1.4767000000000001
2010-08-13,1.4788000000000001
2010-08-16,1.4844
2010-08-17,1.5112999999999999
2010-08-18,1.5038
2010-08-19,1.4929999999999999
2010-08-20,1.4943
2010-08-23,1.4957
2010-08-24,1.4872
2010-08-25,1.476
2010-08-26,1.4867
2010-08-27,1.4943
2010-08-30,1.4976
2010-08-31,1.4981
2010-09-01,1.5089000000000001
2010-09-02,1.5006
2010-09-03,1.4971
2010-09-06,1.5110000000000001
2010-09-07,1.5066000000000002
2010-09-08,1.4967
2010-09-09,1.512
2010-09-10,1.5161
2010-09-13,1.5381
2010-09-14,1.5425
2010-09-15,1.5276999999999998
2010-09-16,1.5219
2010-09-17,1.5168
2010-09-20,1.514
2010-09-21,1.524
2010-09-22,1.5161
2010-09-23,1.5135999999999998
2010-09-24,1.5293
2010-09-27,1.5349
2010-09-28,1.5365
2010-09-29,1.537
2010-09-30,1.5625
2010-10-01,1.5777999999999999
2010-10-04,1.5678999999999998
2010-10-05,1.5901999999999998
2010-10-06,1.6052
2010-10-07,1.6176
2010-10-08,1.6221
2010-10-11,1.6216
2010-10-12,1.6036000000000001
2010-10-13,1.6183
2010-10-14,1.6151
2010-10-15,1.6261
2010-10-18,1.6366
2010-10-19,1.6437
2010-10-20,1.6362
2010-10-21,1.646
2010-10-22,1.6502
2010-10-25,1.6582
2010-10-26,1.6641
2010-10-27,1.6444
2010-10-28,1.6681
2010-10-29,1.6761
2010-11-01,1.6843
2010-11-02,1.688
2010-11-03,1.6814
2010-11-04,1.6697
2010-11-05,1.6441
2010-11-08,1.638
2010-11-09,1.6301
2010-11-10,1.6305
2010-11-11,1.6082999999999998
2010-11-12,1.6151
2010-11-15,1.6251
2010-11-16,1.6186
2010-11-17,1.6256
2010-11-18,1.6404
2010-11-19,1.6453
2010-11-22,1.6249
2010-11-23,1.589
2010-11-24,1.5984
2010-11-25,1.5925
2010-11-26,1.5836000000000001
2010-11-29,1.5503
2010-11-30,1.5339
2010-12-01,1.5918
2010-12-02,1.6246
2010-12-03,1.6362999999999999
2010-12-06,1.6346
2010-12-07,1.6513
2010-12-08,1.6641
2010-12-09,1.6772
2010-12-10,1.6891
2010-12-13,1.6987999999999999
2010-12-14,1.6841
2010-12-15,1.6641
2010-12-16,1.6522000000000001
2010-12-17,1.6432
2010-12-20,1.6564999999999999
2010-12-21,1.6677
2010-12-22,1.6634
2010-12-23,1.6928
2010-12-24,1.6187
2010-12-27,1.5994000000000002
2010-12-28,1.596
2010-12-29,1.5998999999999999
2010-12-30,1.5737
2010-12-31,2.0641
2011-01-03,2.0976
2011-01-04,2.1215
2011-01-05,2.1071
2011-01-06,2.0822
2011-01-07,2.0217
2011-01-10,1.9971999999999999
2011-01-11,2.0368
2011-01-12,2.0902
2011-01-13,2.1
2011-01-14,2.0746
2011-01-17,2.0687
2011-01-18,2.0964
2011-01-19,2.1019
2011-01-20,2.124
2011-01-21,2.1298
2011-01-24,2.1424
2011-01-25,2.1151
2011-01-26,2.1114
2011-01-27,2.1145
2011-01-28,2.1132
2011-01-31,2.135
2011-02-01,2.1596
2011-02-02,2.1676
2011-02-03,2.1587
2011-02-04,2.163
2011-02-07,2.1747
2011-02-08,2.1943
2011-02-09,2.2121
2011-02-10,2.1722
2011-02-11,2.1731
2011-02-14,2.1845
2011-02-15,2.1937
2011-02-16,2.2173
2011-02-17,2.2204
2011-02-18,2.1891
2011-02-21,2.14
2011-02-22,2.1384
2011-02-23,2.1443
2011-02-24,2.1544
2011-02-25,2.1713
2011-02-28,2.1737
2011-03-01,2.1734
2011-03-02,2.1704
2011-03-03,2.1654
2011-03-04,2.1464
2011-03-07,2.1439
2011-03-08,2.1611
2011-03-09,2.1648
2011-03-10,2.1587
2011-03-11,2.1516
2011-03-14,2.1667
2011-03-15,2.1412
2011-03-16,2.1234
2011-03-17,2.1142
2011-03-18,2.1412
2011-03-21,2.1786
2011-03-22,2.1433
2011-03-23,2.1268
2011-03-24,2.151
2011-03-25,2.147
2011-03-28,2.1387
2011-03-29,2.1378
2011-03-30,2.1513
2011-03-31,1.7602
2011-04-01,1.7867
2011-04-04,1.7875
2011-04-05,1.7722
2011-04-06,1.7755
2011-04-07,1.7926
2011-04-08,1.7933
2011-04-11,1.7946
2011-04-12,1.7638
2011-04-13,1.7911000000000001
2011-04-14,1.7605
2011-04-15,1.7521
2011-04-18,1.7141
2011-04-19,1.7197
2011-04-20,1.7268
2011-04-21,1.7309
2011-04-22,1.7309
2011-04-25,1.7309
2011-04-26,1.7274
2011-04-27,1.7342
2011-04-28,1.7409
2011-04-29,1.7482
2011-05-02,1.7597
2011-05-03,1.7505
2011-05-04,1.7454
2011-05-05,1.7618
2011-05-06,1.7774999999999999
2011-05-09,1.7722
2011-05-10,1.7532999999999999
2011-05-11,1.7686
2011-05-12,1.7694
2011-05-13,1.7694
2011-05-16,1.7646
2011-05-17,1.7656
2011-05-18,1.7582
2011-05-19,1.7675999999999998
2011-05-20,1.7595
2011-05-23,1.7386
2011-05-24,1.6888
2011-05-25,1.7017
2011-05-26,1.6977
2011-05-27,1.7012
2011-05-30,1.6881
2011-05-31,1.7048999999999999
2011-06-01,1.6280000000000001
2011-06-02,1.6346
2011-06-03,1.653
2011-06-06,1.6372
2011-06-07,1.6381999999999999
2011-06-08,1.6087
2011-06-09,1.615
2011-06-10,1.5878999999999999
2011-06-13,1.5869
2011-06-14,1.5988
2011-06-15,1.5651000000000002
2011-06-16,1.5583
2011-06-17,1.5817999999999999
2011-06-20,1.5487
2011-06-21,1.5707
2011-06-22,1.5613000000000001
2011-06-23,1.5387
2011-06-24,1.5281
2011-06-27,1.5199
2011-06-28,1.5196
2011-06-29,1.5493999999999999
2011-06-30,2.9556
2011-07-01,2.9673
2011-07-04,2.9981999999999998
2011-07-05,2.9798
2011-07-06,2.8933
2011-07-07,2.9431000000000003
2011-07-08,2.9085
2011-07-11,2.7749
2011-07-12,2.7964
2011-07-13,2.7929
2011-07-14,2.7328
2011-07-15,2.722
2011-07-18,2.6592000000000002
2011-07-19,2.7072000000000003
2011-07-20,2.7615
2011-07-21,2.8372
2011-07-22,2.8803
2011-07-25,2.8632999999999997
2011-07-26,2.8637
2011-07-27,2.7951
2011-07-28,2.8256
2011-07-29,2.8278
2011-08-01,2.7615
2011-08-02,2.7241999999999997
2011-08-03,2.6888
2011-08-04,2.6081
2011-08-05,2.5869999999999997
2011-08-08,2.5171
2011-08-09,2.4839
2011-08-10,2.4633
2011-08-11,2.505
2011-08-12,2.5834
2011-08-15,2.6395
2011-08-16,2.6
2011-08-17,2.622
2011-08-18,2.5126
2011-08-19,2.509
2011-08-22,2.5633
2011-08-23,2.5641
2011-08-24,2.5727
2011-08-25,2.5408
2011-08-26,2.5166
2011-08-29,2.5807
2011-08-30,2.5749
2011-08-31,2.644
2011-09-01,2.6353999999999997
2011-09-02,2.6709
2011-09-05,2.5996
2011-09-06,2.5314
2011-09-07,2.5884
2011-09-08,2.6144
2011-09-09,2.5525
2011-09-12,2.4458
2011-09-13,2.4686
2011-09-14,2.5018000000000002
2011-09-15,2.5763
2011-09-16,2.6023
2011-09-19,2.5449
2011-09-20,2.5754
2011-09-21,2.5897
2011-09-22,2.4538
2011-09-23,2.4283
2011-09-26,2.4399
2011-09-27,2.5126
2011-09-28,2.5139
2011-09-29,2.5233
2011-09-30,2.4815
2011-10-03,2.411
2011-10-04,2.3672
2011-10-05,2.4337
2011-10-06,2.469
2011-10-07,2.4914
2011-10-10,2.5477
2011-10-11,2.5141999999999998
2011-10-12,2.5709
2011-10-13,2.5356
2011-10-14,2.5620000000000003
2011-10-17,2.5225999999999997
2011-10-18,2.5253
2011-10-19,2.5218
2011-10-20,2.4999000000000002
2011-10-21,2.5276
2011-10-24,2.5182
2011-10-25,2.4659
2011-10-26,2.4677
2011-10-27,2.5235
2011-10-28,2.507
2011-10-31,2.4771
2011-11-01,2.3882
2011-11-02,2.3815
2011-11-03,2.4637000000000002
2011-11-04,2.44
2011-11-07,2.4539
2011-11-08,2.4391
2011-11-09,2.4141
2011-11-10,2.4061
2011-11-11,2.3788
2011-11-14,2.3645
2011-11-15,2.3516
2011-11-16,2.335
2011-11-17,2.3149
2011-11-18,2.3118
2011-11-21,2.2627
2011-11-22,2.2345
2011-11-23,2.2122
2011-11-24,2.1939
2011-11-25,2.2006
2011-11-28,2.2622
2011-11-29,2.2738
2011-11-30,2.3426
2011-12-01,3.453
2011-12-02,3.4999000000000002
2011-12-05,3.5601000000000003
2011-12-06,3.5198
2011-12-07,3.5191
2011-12-08,3.4285
2011-12-09,3.4768
2011-12-12,3.4139
2011-12-13,3.3709
2011-12-14,3.3418
2011-12-15,3.3808
2011-12-16,3.3537
2011-12-19,3.3636
2011-12-20,3.3683
2011-12-21,3.3094
2011-12-22,3.3497
2011-12-23,3.3848
2011-12-26,3.3848
2011-12-27,3.3987
2011-12-28,3.0877
2011-12-29,3.0871
2011-12-30,3.0853
2012-01-02,3.3348
2012-01-03,3.3722
2012-01-04,3.3297
2012-01-05,3.2834
2012-01-06,3.3189
2012-01-09,3.2916
2012-01-10,3.2763999999999998
2012-01-11,3.258
2012-01-12,3.2624
2012-01-13,3.2364
2012-01-16,3.204
2012-01-17,3.218
2012-01-18,3.1691
2012-01-19,3.2155
2012-01-20,3.2231
2012-01-23,3.2015000000000002
2012-01-24,3.2047
2012-01-25,3.1806
2012-01-26,3.211
2012-01-27,3.1755
2012-01-30,3.1108
2012-01-31,3.1323
2012-02-01,3.14
2012-02-02,3.1546
2012-02-03,3.2136
2012-02-06,3.2021
2012-02-07,3.2523
2012-02-08,3.3081
2012-02-09,3.2808
2012-02-10,3.2586
2012-02-13,3.2935
2012-02-14,3.3056
2012-02-15,3.2942
2012-02-16,3.2758
2012-02-17,3.2745
2012-02-20,3.2846
2012-02-21,3.2675
2012-02-22,3.27
2012-02-23,3.2098
2012-02-24,3.2364
2012-02-27,3.2263
2012-02-28,3.2434
2012-02-29,3.2472
2012-03-01,3.2726
2012-03-02,3.2948
2012-03-05,3.2827
2012-03-06,3.1971
2012-03-07,3.2351
2012-03-08,3.2681
2012-03-09,3.3011
2012-03-12,3.2612
2012-03-13,3.2986
2012-03-14,3.2713
2012-03-15,3.2567
2012-03-16,3.2307
2012-03-19,3.2599
2012-03-20,3.2821
2012-03-21,3.2878
2012-03-22,3.2612
2012-03-23,3.2586
2012-03-26,3.2897
2012-03-27,3.3049
2012-03-28,3.2789
2012-03-29,3.2396
2012-03-30,3.2439999999999998
2012-04-02,3.6347
2012-04-03,3.5964
2012-04-04,3.5168
2012-04-05,3.509
2012-04-06,3.509
2012-04-09,3.509
2012-04-10,3.4514
2012-04-11,3.4862
2012-04-12,3.4628
2012-04-13,3.445
2012-04-16,2.9139
2012-04-17,2.9564
2012-04-18,2.9206
2012-04-19,2.9206
2012-04-20,2.9285
2012-04-23,2.8750999999999998
2012-04-24,2.9054
2012-04-25,2.9370000000000003
2012-04-26,2.8885
2012-04-27,2.9346
2012-04-30,2.9758
2012-05-01,2.9758
2012-05-02,2.9467
2012-05-03,2.9388
2012-05-04,2.9394
2012-05-07,2.9606
2012-05-08,2.9934
2012-05-09,2.9685
2012-05-10,2.9891
2012-05-11,2.9327
2012-05-14,2.8678
2012-05-15,2.8078
2012-05-16,2.7411
2012-05-17,2.652
2012-05-18,2.6647
2012-05-21,2.6550000000000002
2012-05-22,2.6483
2012-05-23,2.5519
2012-05-24,2.5555
2012-05-25,2.5743
2012-05-28,2.5555
2012-05-29,2.5301
2012-05-30,2.5016
2012-05-31,2.501
2012-06-01,2.4074
2012-06-04,2.4311
2012-06-05,2.4584
2012-06-06,2.5023999999999997
2012-06-07,2.4875
2012-06-08,2.4875
2012-06-11,2.4703
2012-06-12,2.4561
2012-06-13,2.4127
2012-06-14,2.4347
2012-06-15,2.4858000000000002
2012-06-18,2.4881
2012-06-19,2.5172
2012-06-20,2.5457
2012-06-21,2.5273
2012-06-22,2.5505
2012-06-25,2.4804
2012-06-26,2.331
2012-06-27,2.3688000000000002
2012-06-28,2.3459
2012-06-29,2.4128
2012-07-02,2.1507
2012-07-03,2.1954
2012-07-04,2.2306
2012-07-05,2.1825
2012-07-06,2.1264
2012-07-09,2.1339
2012-07-10,2.1552
2012-07-11,2.1587
2012-07-12,2.1522
2012-07-13,2.1755
2012-07-16,2.1636
2012-07-17,2.1884
2012-07-18,2.183
2012-07-19,2.1755
2012-07-20,2.1269
2012-07-23,2.0445
2012-07-24,1.987
2012-07-25,1.9562
2012-07-26,2.0257
2012-07-27,2.054
2012-07-30,2.0961
2012-07-31,2.0937
2012-08-01,2.0748
2012-08-02,2.0381
2012-08-03,2.0748
2012-08-06,2.1135
2012-08-07,2.181
2012-08-08,2.1785
2012-08-09,2.2043
2012-08-10,2.1929
2012-08-13,2.1865
2012-08-14,2.1899
2012-08-15,2.188
2012-08-16,2.1994
2012-08-17,2.2247
2012-08-20,2.2425
2012-08-21,2.251
2012-08-22,2.2351
2012-08-23,2.1999
2012-08-24,2.1934
2012-08-27,2.2311
2012-08-28,2.2425
2012-08-29,2.247
2012-08-30,2.2267
2012-08-31,2.2455
2012-09-03,2.2789
2012-09-04,2.2739
2012-09-05,2.2833
2012-09-06,2.3508
2012-09-07,2.4044
2012-09-10,2.4034
2012-09-11,2.4129
2012-09-12,2.4302
2012-09-13,2.4198
2012-09-14,2.4704
2012-09-17,2.4546
2012-09-18,2.3975
2012-09-19,2.4134
2012-09-20,2.4079
2012-09-21,2.4431
2012-09-24,2.3955
2012-09-25,2.3925
2012-09-26,2.3454
2012-09-27,2.3493
2012-09-28,2.3295
2012-10-01,3.9252000000000002
2012-10-02,3.9468
2012-10-03,3.9926
2012-10-04,3.9668
2012-10-05,4.0408
2012-10-08,4.0283
2012-10-09,4.0159
2012-10-10,3.9701
2012-10-11,4.0342
2012-10-12,4.015
2012-10-15,4.0034
2012-10-16,4.0541
2012-10-17,4.0883
2012-10-18,4.1615
2012-10-19,4.0858
2012-10-22,4.1115
2012-10-23,4.0483
2012-10-24,4.0658
2012-10-25,4.0342
2012-10-26,4.0408
2012-10-29,4.0034
2012-10-30,4.035
2012-10-31,4.0084
2012-11-01,4.0234
2012-11-02,4.0217
2012-11-05,3.9984
2012-11-06,3.9992
2012-11-07,3.9435000000000002
2012-11-08,3.956
2012-11-09,3.9493
2012-11-12,3.9377
2012-11-13,3.9427
2012-11-14,3.9219
2012-11-15,3.8961
2012-11-16,3.8120000000000003
2012-11-19,3.8927
2012-11-20,3.9194
2012-11-21,3.9443
2012-11-22,3.966
2012-11-23,3.961
2012-11-26,3.9302
2012-11-27,3.8927
2012-11-28,3.8753
2012-11-29,3.9036
2012-11-30,3.8952
2012-12-03,4.0211
2012-12-04,4.0357
2012-12-05,4.1068999999999996
2012-12-06,4.1223
2012-12-07,4.1523
2012-12-10,4.1275
2012-12-11,4.2227
2012-12-12,4.2621
2012-12-13,4.3067
2012-12-14,4.323
2012-12-17,4.3161
2012-12-18,4.353
2012-12-19,4.3805
2012-12-20,4.407
2012-12-21,4.3642
2012-12-24,4.3642
2012-12-25,4.3642
2012-12-26,4.3642
2012-12-27,4.3564
2012-12-28,4.323
2012-12-31,5.4677
2013-01-01,5.4677
2013-01-02,5.6346
2013-01-03,5.6942
2013-01-04,5.679
2013-01-07,5.6551
2013-01-08,5.6291
2013-01-09,5.7841000000000005
2013-01-10,5.8578
2013-01-11,5.9109
2013-01-14,5.9131
2013-01-15,5.8947
2013-01-16,5.8686
2013-01-17,5.9498999999999995
2013-01-18,5.9629
2013-01-21,5.9976
2013-01-22,5.9402
2013-01-23,6.0106
2013-01-24,5.9597
2013-01-25,5.925
2013-01-28,5.9142
2013-01-29,5.925
2013-01-30,5.9315
2013-01-31,5.8697
2013-02-01,5.9283
2013-02-04,5.8361
2013-02-05,5.8405000000000005
2013-02-06,5.7798
2013-02-07,5.7473
2013-02-08,5.7852
2013-02-11,5.7971
2013-02-12,5.8589
2013-02-13,5.8546
2013-02-14,5.7863
2013-02-15,5.7473
2013-02-18,5.7169
2013-02-19,5.7661999999999995
2013-02-20,5.7663
2013-02-21,5.6578
2013-02-22,5.6802
2013-02-25,5.7574
2013-02-26,5.6141
2013-02-27,5.5785
2013-02-28,5.5822
2013-03-01,5.5398
2013-03-04,5.5339
2013-03-05,5.6395
2013-03-06,5.5944
2013-03-07,5.6388
2013-03-08,5.7142
2013-03-11,5.6856
2013-03-12,5.7266
2013-03-13,5.7235
2013-03-14,5.8662
2013-03-15,5.8397
2013-03-18,5.7854
2013-03-19,5.7513
2013-03-20,5.7959
2013-03-21,5.7882
2013-03-22,5.8004999999999995
2013-03-25,5.7592
2013-03-26,5.6564
2013-03-27,5.5953
2013-03-28,5.5945
2013-03-29,5.5945
2013-04-01,5.5945
2013-04-02,4.1709
2013-04-03,4.0514
2013-04-04,4.1001
2013-04-05,4.0888
2013-04-08,4.0469
2013-04-09,4.162
2013-04-10,4.2913
2013-04-11,4.2676
2013-04-12,4.2934
2013-04-15,4.2689
2013-04-16,4.2042
2013-04-17,4.1469
2013-04-18,4.1163
2013-04-19,4.2123
2013-04-22,4.2318999999999996
2013-04-23,4.3385
2013-04-24,4.4289
2013-04-25,4.5166
2013-04-26,4.4471
2013-04-29,4.5178
2013-04-30,4.5038
2013-05-01,4.5038
2013-05-02,4.491
2013-05-03,4.4886
2013-05-06,4.5301
2013-05-07,4.5557
2013-05-08,4.5133
2013-05-09,4.4949
2013-05-10,4.5023
2013-05-13,4.4797
2013-05-14,4.3131
2013-05-15,4.3411
2013-05-16,4.3255
2013-05-17,4.37
2013-05-20,4.302
2013-05-21,4.2792
2013-05-22,4.2645
2013-05-23,4.2334
2013-05-24,4.2776
2013-05-27,4.3097
2013-05-28,4.3291
2013-05-29,4.2752
2013-05-30,4.2405
2013-05-31,4.1958
2013-06-03,4.4528
2013-06-04,4.5161
2013-06-05,4.471
2013-06-06,4.4341
2013-06-07,4.4925
2013-06-10,4.4801
2013-06-11,4.4366
2013-06-12,4.4363
2013-06-13,4.4232
2013-06-14,4.4526
2013-06-17,4.4944
2013-06-18,4.5314
2013-06-19,4.5067
2013-06-20,4.3661
2013-06-21,4.2115
2013-06-24,4.107
2013-06-25,4.1914
2013-06-26,4.24
2013-06-27,4.2329
2013-06-28,4.2542
2013-07-01,211.3556
2013-07-02,209.5959
2013-07-03,200.2119
2013-07-04,206.269
2013-07-05,205.6773
2013-07-08,208.2416
2013-07-09,208.6406
2013-07-10,209.374
2013-07-11,207.0012
2013-07-12,203.8169
2013-07-15,205.8464
2013-07-16,206.5087
2013-07-17,205.953
2013-07-18,209.9882
2013-07-19,209.6479
2013-07-22,211.898
2013-07-23,213.0326
2013-07-24,216.0729
2013-07-25,215.8432
2013-07-26,217.4616
2013-07-29,217.4969
2013-07-30,218.5405
2013-07-31,215.3994
2013-08-01,216.5314
2013-08-02,217.2849
2013-08-05,216.4677
2013-08-06,213.7379
2013-08-07,215.3476
2013-08-08,220.3769
2013-08-09,224.459
2013-08-12,224.058
2013-08-13,226.031
2013-08-14,226.3914
2013-08-15,225.9895
2013-08-16,224.5377
2013-08-19,223.1484
2013-08-20,219.9556
2013-08-21,219.6961
2013-08-22,225.2124
2013-08-23,225.6926
2013-08-26,225.2599
2013-08-27,221.1626
2013-08-28,221.5506
2013-08-29,222.5275
2013-08-30,219.1993
2013-09-02,150.2483
2013-09-03,150.274
2013-09-04,150.0506
2013-09-05,152.0947
2013-09-06,153.0397
2013-09-09,151.8759
2013-09-10,153.5251
2013-09-11,154.1106
2013-09-12,154.9948
2013-09-13,154.5428
2013-09-16,153.0906
2013-09-17,150.4882
2013-09-18,151.3055
2013-09-19,151.3886
2013-09-20,152.811
2013-09-23,151.718
2013-09-24,151.602
2013-09-25,153.2061
2013-09-26,153.0768
2013-09-27,152.0869
2013-09-30,234.1191
2013-10-01,234.0454
2013-10-02,235.8703
2013-10-03,233.8849
2013-10-04,232.8374
2013-10-07,230.5566
2013-10-08,228.6702
2013-10-09,228.9823
2013-10-10,229.5019
2013-10-11,234.0707
2013-10-14,235.9917
2013-10-15,237.7362
2013-10-16,240.1426
2013-10-17,240.3194
2013-10-18,241.1926
2013-10-21,242.933
2013-10-22,241.6967
2013-10-23,238.8837
2013-10-24,236.9554
2013-10-25,234.4432
2013-10-28,235.64
2013-10-29,236.2552
2013-10-30,238.1649
2013-10-31,234.4177
2013-11-01,234.6672
2013-11-04,236.4969
2013-11-05,237.9238
2013-11-06,240.9303
2013-11-07,239.4851
2013-11-08,236.8354
2013-11-11,239.1229
2013-11-12,238.9975
2013-11-13,237.7619
2013-11-14,236.7086
2013-11-15,236.5119
2013-11-18,238.2601
2013-11-19,237.8759
2013-11-20,236.9021
2013-11-21,236.8151
2013-11-22,237.4368
2013-11-25,238.3615
2013-11-26,237.424
2013-11-27,240.7294
2013-11-28,241.2437
2013-11-29,241.871
2013-12-02,239.35
2013-12-03,236.656
2013-12-04,233.5171
2013-12-05,231.8764
2013-12-06,231.106
2013-12-09,233.162
2013-12-10,233.4427
2013-12-11,232.4042
2013-12-12,229.6184
2013-12-13,228.7617
2013-12-16,229.9427
2013-12-17,229.6129
2013-12-18,229.3112
2013-12-19,230.3407
2013-12-20,231.1727
2013-12-23,233.7198
2013-12-24,232.7495
2013-12-25,232.7495
2013-12-26,232.7495
2013-12-27,232.6796
2013-12-30,232.3377
2013-12-31,7.8742
2014-01-01,7.8742
2014-01-02,7.8022
2014-01-03,8.0315
2014-01-06,8.0333
2014-01-07,8.1763
2014-01-08,8.2597
2014-01-09,8.2697
2014-01-10,8.2649
2014-01-13,8.2953
2014-01-14,8.2143
2014-01-15,8.2084
2014-01-16,8.2215
2014-01-17,8.2613
2014-01-20,8.2697
2014-01-21,8.2424
2014-01-22,8.0983
2014-01-23,8.0477
2014-01-24,7.9626
2014-01-27,7.8927
2014-01-28,8.0065
2014-01-29,7.9668
2014-01-30,7.9109
2014-01-31,7.8422
2014-02-03,7.7798
2014-02-04,7.7398
2014-02-05,7.7477
2014-02-06,7.9123
2014-02-07,7.979
2014-02-10,7.9576
2014-02-11,8.0881
2014-02-12,8.0298
2014-02-13,8.0922
2014-02-14,8.191
2014-02-17,8.3094
2014-02-18,8.2688
2014-02-19,8.2611
2014-02-20,8.2467
2014-02-21,8.313
2014-02-24,8.3878
2014-02-25,8.4346
2014-02-26,8.3499
2014-02-27,8.4198
2014-02-28,8.4755
2014-03-03,8.2787
2014-03-04,8.4623
2014-03-05,8.5356
2014-03-06,8.5706
2014-03-07,8.5407
2014-03-10,8.5909
2014-03-11,8.5978
2014-03-12,8.4894
2014-03-13,8.3447
2014-03-14,8.301
2014-03-17,8.3875
2014-03-18,8.4742
2014-03-19,8.4654
2014-03-20,8.469899999999999
2014-03-21,8.4463
2014-03-24,8.3784
2014-03-25,8.484
2014-03-26,8.5529
2014-03-27,8.554
2014-03-28,8.6332
2014-03-31,9.3011
2014-04-01,9.3855
2014-04-02,9.3442
2014-04-03,9.3639
2014-04-04,9.2662
2014-04-07,9.2751
2014-04-08,9.1234
2014-04-09,9.2212
2014-04-10,9.1705
2014-04-11,9.0753
2014-04-14,9.1477
2014-04-15,9.0796
2014-04-16,9.2091
2014-04-17,9.3115
2014-04-18,9.3115
2014-04-21,9.3115
2014-04-22,9.4468
2014-04-23,9.3567
2014-04-24,9.4005
2014-04-25,9.3319
2014-04-28,9.357099999999999
2014-04-29,9.4195
2014-04-30,9.3723
2014-05-01,9.3723
2014-05-02,9.4494
2014-05-05,9.462
2014-05-06,9.4663
2014-05-07,9.3726
2014-05-08,9.4727
2014-05-09,9.3281
2014-05-12,9.4144
2014-05-13,9.3751
2014-05-14,9.1148
2014-05-15,9.0111
2014-05-16,8.9942
2014-05-19,9.0591
2014-05-20,9.0664
2014-05-21,8.983
2014-05-22,10.2387
2014-05-23,10.2842
2014-05-26,10.1649
2014-05-27,10.2303
2014-05-28,10.2938
2014-05-29,10.2376
2014-05-30,10.3491
2014-06-02,14.2058
2014-06-03,14.1744
2014-06-04,14.2092
2014-06-05,14.3726
2014-06-06,14.5444
2014-06-09,14.6857
2014-06-10,14.7694
2014-06-11,14.5878
2014-06-12,14.5798
2014-06-13,14.6111
2014-06-16,14.5355
2014-06-17,14.5224
2014-06-18,14.4844
2014-06-19,14.5549
2014-06-20,14.5295
2014-06-23,14.4627
2014-06-24,14.2827
2014-06-25,14.19
2014-06-26,14.1457
2014-06-27,13.9448
2014-06-30,6.0745
2014-07-01,6.0297
2014-07-02,14.2845
2014-07-03,14.1843
2014-07-04,13.9162
2014-07-07,13.6863
2014-07-08,13.3249
2014-07-09,12.9652
2014-07-10,12.5061
2014-07-11,12.6611
2014-07-14,12.6881
2014-07-15,12.4918
2014-07-16,12.919
2014-07-17,12.792
2014-07-18,12.7308
2014-07-21,12.753
2014-07-22,12.9234
2014-07-23,13.2573
2014-07-24,13.5528
2014-07-25,13.4884
2014-07-28,13.4889
2014-07-29,13.3117
2014-07-30,12.9024
2014-07-31,12.4292
2014-08-01,12.0258
2014-08-04,12.1815
2014-08-05,11.8924
2014-08-06,18.1467
2014-08-07,17.6429
2014-08-08,17.3905
2014-08-11,17.6561
2014-08-12,17.659
2014-08-13,18.1264
2014-08-14,18.3867
2014-08-15,18.4927
2014-08-18,18.8472
2014-08-19,19.0106
2014-08-20,19.0451
2014-08-21,19.0793
2014-08-22,18.9594
2014-08-25,19.1777
2014-08-26,19.5508
2014-08-27,19.9435
2014-08-28,19.6512
2014-08-29,19.945
2014-09-01,19.8005
2014-09-02,19.6462
2014-09-03,19.8304
2014-09-04,20.1655
2014-09-05,20.2844
2014-09-08,20.102
2014-09-09,19.7831
2014-09-10,19.7049
2014-09-11,19.591
2014-09-12,19.3576
2014-09-15,19.084
2014-09-16,18.8433
2014-09-17,18.9098
2014-09-18,19.1114
2014-09-19,19.183
2014-09-22,19.174
2014-09-23,18.925
2014-09-24,18.7564
2014-09-25,18.4952
2014-09-26,18.7166
2014-09-29,18.7183
2014-09-30,160.7245
2014-10-01,159.2703
2014-10-02,153.432
2014-10-03,154.7295
2014-10-06,154.2062
2014-10-07,153.4487
2014-10-08,150.155
2014-10-09,148.0602
2014-10-10,146.9923
2014-10-13,147.3182
2014-10-14,147.0692
2014-10-15,142.6762
2014-10-16,138.6028
2014-10-17,143.3054
2014-10-20,143.8364
2014-10-21,149.3634
2014-10-22,149.2264
2014-10-23,149.2063
2014-10-24,148.0563
2014-10-27,146.6185
2014-10-28,150.0213
2014-10-29,148.793
2014-10-30,145.7192
2014-10-31,148.1147
2014-11-03,145.2444
2014-11-04,141.1675
2014-11-05,142.7686
2014-11-06,143.0647
2014-11-07,141.9244
2014-11-10,144.3729
2014-11-11,143.7166
2014-11-12,138.4734
2014-11-13,140.4406
2014-11-14,141.8244
2014-11-17,142.2524
2014-11-18,143.9942
2014-11-19,143.2979
2014-11-20,141.2366
2014-11-21,144.4751
2014-11-24,145.2702
2014-11-25,144.9565
2014-11-26,143.7359
2014-11-27,144.1392
2014-11-28,140.1364
2014-12-01,137.9606
2014-12-02,141.3455
2014-12-03,142.2594
2014-12-04,141.3757
2014-12-05,144.019
2014-12-08,142.8327
2014-12-09,139.42
2014-12-10,135.8076
2014-12-11,133.9555
2014-12-12,130.9003
2014-12-15,126.5374
2014-12-16,128.3931
2014-12-17,128.9714
2014-12-18,133.5769
2014-12-19,131.9543
2014-12-22,131.4282
2014-12-23,134.0974
2014-12-24,132.8173
2014-12-25,132.8173
2014-12-26,132.8173
2014-12-29,132.1142
2014-12-30,129.529
2014-12-31,9.4462
2015-01-01,9.4462
2015-01-02,9.616
2015-01-05,9.2783
2015-01-06,9.167300000000001
2015-01-07,9.1523
2015-01-08,9.3843
2015-01-09,9.2162
2015-01-12,9.2474
2015-01-13,9.5427
2015-01-14,9.6031
2015-01-15,9.82
2015-01-16,10.0055
2015-01-19,10.1414
2015-01-20,10.1406
2015-01-21,10.4018
2015-01-22,10.4852
2015-01-23,10.4697
2015-01-26,10.5882
2015-01-27,10.485
2015-01-28,10.2218
2015-01-29,10.2947
2015-01-30,10.034
2015-02-02,10.2384
2015-02-03,10.3711
2015-02-04,10.2503
2015-02-05,10.1605
2015-02-06,10.1543
2015-02-09,10.144
2015-02-10,10.1783
2015-02-11,9.9528
2015-02-12,10.1476
2015-02-13,10.3159
2015-02-16,10.3278
2015-02-17,10.51
2015-02-18,10.6375
2015-02-19,10.5658
2015-02-20,10.6752
2015-02-23,10.7989
2015-02-24,11.0387
2015-02-25,10.9741
2015-02-26,11.0229
2015-02-27,11.126
2015-03-02,11.0399
2015-03-03,11.0297
2015-03-04,10.7639
2015-03-05,10.9738
2015-03-06,10.9772
2015-03-09,10.948
2015-03-10,10.6136
2015-03-11,10.8734
2015-03-12,10.9414
2015-03-13,10.9332
2015-03-16,11.0703
2015-03-17,11.0707
2015-03-18,11.1926
2015-03-19,11.2081
2015-03-20,11.4918
2015-03-23,11.5136
2015-03-24,11.6201
2015-03-25,11.6648
2015-03-26,11.545
2015-03-27,11.6231
2015-03-30,11.586
2015-03-31,5.6528
2015-04-01,5.7044
2015-04-02,5.7045
2015-04-03,5.7045
2015-04-06,5.7045
2015-04-07,5.8062000000000005
2015-04-08,5.9364
2015-04-09,6.0665
2015-04-10,6.0628
2015-04-13,6.0886
2015-04-14,6.0014
2015-04-15,6.0734
2015-04-16,5.9268
2015-04-17,5.8106
2015-04-20,5.8492
2015-04-21,5.8216
2015-04-22,5.7735
2015-04-23,5.783
2015-04-24,5.8571
2015-04-27,5.948
2015-04-28,5.932
2015-04-29,5.8602
2015-04-30,6.0004
2015-05-01,6.0004
2015-05-04,6.0858
2015-05-05,5.9342
2015-05-06,5.8962
2015-05-07,5.8557
2015-05-08,5.99
2015-05-11,6.0487
2015-05-12,5.9199
2015-05-13,5.9984
2015-05-14,6.0004
2015-05-15,5.9422
2015-05-18,5.9367
2015-05-19,5.955
2015-05-20,5.9248
2015-05-21,5.9349
2015-05-22,5.9347
2015-05-25,5.8184000000000005
2015-05-26,5.7168
2015-05-27,5.819
2015-05-28,5.789
2015-05-29,5.7314
2015-06-01,5.7282
2015-06-02,5.7872
2015-06-03,5.8083
2015-06-04,5.7405
2015-06-05,5.6798
2015-06-08,5.5269
2015-06-09,5.5268
2015-06-10,5.6644
2015-06-11,5.7438
2015-06-12,5.6728
2015-06-15,5.5543
2015-06-16,5.5483
2015-06-17,5.5205
2015-06-18,5.5125
2015-06-19,5.54
2015-06-22,5.6546
2015-06-23,5.8091
2015-06-24,5.7657
2015-06-25,5.7394
2015-06-26,5.7578
2015-06-29,5.4543
2015-06-30,6.3476
2015-07-01,6.4036
2015-07-02,6.421
2015-07-03,6.3656
2015-07-06,6.1316
2015-07-07,6.0075
2015-07-08,6.1185
2015-07-09,6.3548
2015-07-10,6.5217
2015-07-13,6.5924
2015-07-14,6.5437
2015-07-15,6.5908999999999995
2015-07-16,6.6726
2015-07-17,6.6675
2015-07-20,6.6948
2015-07-21,6.6267
2015-07-22,6.6086
2015-07-23,6.6121
2015-07-24,6.5827
2015-07-27,6.4376
2015-07-28,6.413
2015-07-29,6.4051
2015-07-30,6.4968
2015-07-31,6.396
2015-08-03,6.3744
2015-08-04,6.3411
2015-08-05,6.4096
2015-08-06,6.2616
2015-08-07,6.2783999999999995
2015-08-10,6.2718
2015-08-11,6.1594
2015-08-12,6.1344
2015-08-13,6.2298
2015-08-14,6.2204
2015-08-17,6.2883
2015-08-18,6.2642
2015-08-19,6.1235
2015-08-20,6.0731
2015-08-21,5.8307
2015-08-24,5.4566
2015-08-25,5.6873000000000005
2015-08-26,5.6582
2015-08-27,5.89
2015-08-28,5.896
2015-08-31,5.8377
2015-09-01,5.6802
2015-09-02,5.6405
2015-09-03,5.7386
2015-09-04,5.5986
2015-09-07,5.5624
2015-09-08,5.6223
2015-09-09,5.6327
2015-09-10,5.5373
2015-09-11,5.5133
2015-09-14,5.466
2015-09-15,5.4621
2015-09-16,5.5786999999999995
2015-09-17,5.593
2015-09-18,5.5512
2015-09-21,5.5967
2015-09-22,5.4493
2015-09-23,5.4848
2015-09-24,5.3972
2015-09-25,5.5391
2015-09-28,5.4257
2015-09-29,5.3615
2015-09-30,4.4464
2015-10-01,4.5241
2015-10-02,4.6489
2015-10-05,4.8435
2015-10-06,4.8896
2015-10-07,4.9594000000000005
2015-10-08,4.9435
2015-10-09,4.9725
2015-10-12,4.7966999999999995
2015-10-13,4.7303
2015-10-14,4.7095
2015-10-15,4.7745
2015-10-16,4.8248999999999995
2015-10-19,4.8067
2015-10-20,4.8334
2015-10-21,4.7559000000000005
2015-10-22,4.7759
2015-10-23,4.8144
2015-10-26,4.7688
2015-10-27,4.636
2015-10-28,4.7194
2015-10-29,4.7646
2015-10-30,4.7724
2015-11-02,4.8103
2015-11-03,4.8871
2015-11-04,4.9187
2015-11-05,4.8748000000000005
2015-11-06,4.852
2015-11-09,4.6683
2015-11-10,4.648
2015-11-11,4.5682
2015-11-12,4.5096
2015-11-13,4.5112
2015-11-16,4.5504999999999995
2015-11-17,4.6732
2015-11-18,4.7481
2015-11-19,4.7384
2015-11-20,4.6924
2015-11-23,4.6889
2015-11-24,4.6284
2015-11-25,4.6527
2015-11-26,4.68
2015-11-27,4.6815999999999995
2015-11-30,4.6648
2015-12-01,4.5606
2015-12-02,4.5758
2015-12-03,4.5341000000000005
2015-12-04,4.4864
2015-12-07,4.4864
2015-12-08,4.4033999999999995
2015-12-09,4.4619
2015-12-10,4.4811
2015-12-11,4.391
2015-12-14,4.3216
2015-12-15,4.4176
2015-12-16,4.4657
2015-12-17,4.5229
2015-12-18,4.5326
2015-12-21,4.4806
2015-12-22,4.5303
2015-12-23,4.6629000000000005
2015-12-24,4.6828
2015-12-25,4.6828
2015-12-28,4.6384
2015-12-29,4.6743
2015-12-30,4.6657
2015-12-31,5.2976
2016-01-01,5.2976
2016-01-04,5.1198
2016-01-05,5.1224
2016-01-06,5.0542
2016-01-07,5.0764
2016-01-08,5.0594
2016-01-11,5.0032
2016-01-12,5.0544
2016-01-13,5.0661
2016-01-14,5.0012
2016-01-15,4.8131
2016-01-18,4.7015
2016-01-19,4.6971
2016-01-20,4.5841
2016-01-21,4.709
2016-01-22,4.8539
2016-01-25,4.8789
2016-01-26,4.9767
2016-01-27,5.0474
2016-01-28,5.0807
2016-01-29,5.1821
2016-02-01,5.2076
2016-02-02,5.0942
2016-02-03,5.0443
2016-02-04,5.0583
2016-02-05,5.0595
2016-02-08,4.9602
2016-02-09,4.8153
2016-02-10,4.7742
2016-02-11,4.5280000000000005
2016-02-12,4.6243
2016-02-15,4.7096
2016-02-16,4.7139
2016-02-17,4.8533
2016-02-18,4.824
2016-02-19,4.7851
2016-02-22,4.8751999999999995
2016-02-23,4.7352
2016-02-24,4.632
2016-02-25,4.7313
2016-02-26,4.7440999999999995
2016-02-29,4.7798
2016-03-01,4.8989
2016-03-02,4.9503
2016-03-03,5.0833
2016-03-04,5.1133
2016-03-07,5.0344
2016-03-08,4.9741
2016-03-09,5.0196
2016-03-10,4.9987
2016-03-11,5.1697
2016-03-14,5.2199
2016-03-15,5.1628
2016-03-16,5.2722999999999995
2016-03-17,5.3718
2016-03-18,5.3648
2016-03-21,5.3817
2016-03-22,5.3828
2016-03-23,5.3167
2016-03-24,5.2725
2016-03-25,5.2725
2016-03-28,5.2725
2016-03-29,5.2625
2016-03-30,5.3981
2016-03-31,5.3401
2016-04-01,5.2861
2016-04-04,5.2897
2016-04-05,5.1598
2016-04-06,5.1382
2016-04-07,5.0422
2016-04-08,5.163
2016-04-11,5.1967
2016-04-12,5.2586
2016-04-13,5.3202
2016-04-14,5.3413
2016-04-15,5.336
2016-04-18,5.3133
2016-04-19,5.3913
2016-04-20,5.4885
2016-04-21,5.4972
2016-04-22,5.5094
2016-04-25,5.4783
2016-04-26,5.4612
2016-04-27,5.4917
2016-04-28,5.5529
2016-04-29,5.4879999999999995
2016-05-02,5.5486
2016-05-03,5.4768
2016-05-04,5.4831
2016-05-05,5.5212
2016-05-06,5.4753
2016-05-09,5.396
2016-05-10,5.4051
2016-05-11,5.3386
2016-05-12,5.3749
2016-05-13,5.3668
2016-05-16,5.2703
2016-05-17,5.2647
2016-05-18,5.2605
2016-05-19,5.2045
2016-05-20,5.2241
2016-05-23,5.1395
2016-05-24,5.1926
2016-05-25,5.2654
2016-05-26,5.3244
2016-05-27,5.3058
2016-05-30,5.3234
2016-05-31,5.2996
2016-06-01,7.5334
2016-06-02,7.5355
2016-06-03,7.4984
2016-06-06,7.5845
2016-06-07,7.6659
2016-06-08,7.7076
2016-06-09,7.6998999999999995
2016-06-10,7.4966
2016-06-13,7.3729
2016-06-14,7.1661
2016-06-15,7.2236
2016-06-16,7.246
2016-06-17,7.3645
2016-06-20,7.605
2016-06-21,7.5969
2016-06-22,7.61
2016-06-23,7.6814
2016-06-24,7.1467
2016-06-27,6.96
2016-06-28,7.1104
2016-06-29,7.3532
2016-06-30,5.838
2016-07-01,5.8701
2016-07-04,5.8806
2016-07-05,5.7539
2016-07-06,5.634
2016-07-07,5.7574
2016-07-08,5.8155
2016-07-11,5.947
2016-07-12,5.9576
2016-07-13,5.9638
2016-07-14,5.9939
2016-07-15,5.9956
2016-07-18,6.0189
2016-07-19,6.027
2016-07-20,6.0246
2016-07-21,6.0183
2016-07-22,6.0475
2016-07-25,6.054
2016-07-26,6.0612
2016-07-27,6.0642
2016-07-28,6.0367
2016-07-29,6.1337
2016-08-01,6.1994
2016-08-02,6.0791
2016-08-03,6.0977
2016-08-04,6.1556
2016-08-05,6.202
2016-08-08,6.2282
2016-08-09,6.3063
2016-08-10,6.3266
2016-08-11,6.3631
2016-08-12,6.3839
2016-08-15,6.372
2016-08-16,6.3162
2016-08-17,6.242
2016-08-18,6.2780000000000005
2016-08-19,6.2403
2016-08-22,6.2217
2016-08-23,6.2302
2016-08-24,6.2127
2016-08-25,6.1977
2016-08-26,6.206
2016-08-29,6.2012
2016-08-30,6.2242
2016-08-31,6.1742
2016-09-01,6.1394
2016-09-02,6.2327
2016-09-05,6.286
2016-09-06,6.2473
2016-09-07,6.2594
2016-09-08,6.2665
2016-09-09,6.1109
2016-09-12,6.0409
2016-09-13,5.9493
2016-09-14,5.9356
2016-09-15,5.9561
2016-09-16,5.854
2016-09-19,5.9643
2016-09-20,5.9563
2016-09-21,5.9469
2016-09-22,6.0529
2016-09-23,6.0145
2016-09-26,5.9716000000000005
2016-09-27,5.9195
2016-09-28,5.9873
2016-09-29,6.0978
2016-09-30,5.256
2016-10-03,5.2364
2016-10-04,5.273
2016-10-05,5.1844
2016-10-06,5.1435
2016-10-07,5.1037
2016-10-10,5.195
2016-10-11,5.2194
2016-10-12,5.2302
2016-10-13,5.2619
2016-10-14,5.315
2016-10-17,5.2823
2016-10-18,5.3735
2016-10-19,5.4399
2016-10-20,5.4346
2016-10-21,5.4229
2016-10-24,5.4182
2016-10-25,5.3961
2016-10-26,5.3621
2016-10-27,5.3342
2016-10-28,5.3391
2016-10-31,5.3185
2016-11-01,5.2692
2016-11-02,5.1793
2016-11-03,5.1981
2016-11-04,5.1113
2016-11-07,5.205
2016-11-08,5.2135
2016-11-09,5.1254
2016-11-10,4.9703
2016-11-11,4.8835
2016-11-14,4.8245000000000005
2016-11-15,4.9592
2016-11-16,4.9317
2016-11-17,5.0487
2016-11-18,5.0148
2016-11-21,5.0913
2016-11-22,5.0682
2016-11-23,5.0514
2016-11-24,5.0632
2016-11-25,5.0768
2016-11-28,5.0389
2016-11-29,5.0135
2016-11-30,5.1083
2016-12-01,5.1872
2016-12-02,5.1679
2016-12-05,5.2133
2016-12-06,5.3194
2016-12-07,5.4184
2016-12-08,5.444
2016-12-09,5.466
2016-12-12,5.4864
2016-12-13,5.5577
2016-12-14,5.4977
2016-12-15,5.4931
2016-12-16,5.4818999999999996
2016-12-19,5.4434000000000005
2016-12-20,5.5046
2016-12-21,5.491
2016-12-22,5.453
2016-12-23,5.4891
2016-12-26,5.4891
2016-12-27,5.5191
2016-12-28,5.5194
2016-12-29,5.53
2016-12-30,5.52
2017-01-02,5.7321
2017-01-03,5.7127
2017-01-04,5.7536000000000005
2017-01-05,5.7472
2017-01-06,5.7355
2017-01-09,5.7038
2017-01-10,5.6453
2017-01-11,5.6641
2017-01-12,5.7014
2017-01-13,5.7234
2017-01-16,5.6823
2017-01-17,5.726
2017-01-18,5.7275
2017-01-19,5.6795
2017-01-20,5.6648
2017-01-23,5.5707
2017-01-24,5.5796
2017-01-25,5.5793
2017-01-26,5.5898
2017-01-27,5.6126000000000005
2017-01-30,5.5175
2017-01-31,5.5068
2017-02-01,5.4779
2017-02-02,5.5214
2017-02-03,5.5661000000000005
2017-02-06,5.5206
2017-02-07,5.5193
2017-02-08,5.5957
2017-02-09,5.6637
2017-02-10,5.6659
2017-02-13,5.6796
2017-02-14,5.6815
2017-02-15,5.6744
2017-02-16,5.6815999999999995
2017-02-17,5.6886
2017-02-20,5.7226
2017-02-21,5.71
2017-02-22,5.7003
2017-02-23,5.6642
2017-02-24,5.6485
2017-02-27,5.6515
2017-02-28,5.6864
2017-03-01,5.6787
2017-03-02,5.6913
2017-03-03,5.5978
2017-03-06,5.6406
2017-03-07,5.6445
2017-03-08,5.6299
2017-03-09,5.5931999999999995
2017-03-10,5.5794
2017-03-13,5.5774
2017-03-14,5.558
2017-03-15,5.5565999999999995
2017-03-16,5.6001
2017-03-17,5.5754
2017-03-20,5.5889
2017-03-21,5.5773
2017-03-22,5.5961
2017-03-23,5.6054
2017-03-24,5.6128
2017-03-27,5.6397
2017-03-28,5.798
2017-03-29,5.8356
2017-03-30,5.9678
2017-03-31,5.9314
2017-04-03,5.8856
2017-04-04,5.9154
2017-04-05,5.9456
2017-04-06,5.9749
2017-04-07,5.9885
2017-04-10,5.9877
2017-04-11,5.9645
2017-04-12,5.9888
2017-04-13,5.9705
2017-04-14,5.9705
2017-04-17,5.9705
2017-04-18,5.9247
2017-04-19,5.8635
2017-04-20,5.8069
2017-04-21,5.7733
2017-04-24,5.8870000000000005
2017-04-25,5.9205
2017-04-26,5.9081
2017-04-27,5.8618
2017-04-28,5.8366
2017-05-01,5.8366
2017-05-02,5.8033
2017-05-03,5.8327
2017-05-04,5.9239
2017-05-05,5.9704
2017-05-08,5.9459
2017-05-09,5.9657
2017-05-10,5.9882
2017-05-11,6.0119
2017-05-12,6.0533
2017-05-15,5.9595
2017-05-16,5.9641
2017-05-17,5.8981
2017-05-18,5.7707
2017-05-19,5.9322
2017-05-22,5.966
2017-05-23,5.9833
2017-05-24,5.9623
2017-05-25,5.9695
2017-05-26,5.936
2017-05-29,5.9136
2017-05-30,5.9715
2017-05-31,6.0021
2017-06-01,6.0064
2017-06-02,5.9656
2017-06-05,5.8953
2017-06-06,5.976
2017-06-07,5.982
2017-06-08,5.9105
2017-06-09,5.9705
2017-06-12,5.8784
2017-06-13,5.9368
2017-06-14,5.8885
2017-06-15,5.7788
2017-06-16,5.8143
2017-06-19,5.8408
2017-06-20,5.78
2017-06-21,5.7373
2017-06-22,5.6869
2017-06-23,5.6603
2017-06-26,5.6524
2017-06-27,5.6038
2017-06-28,5.5992
2017-06-29,5.5642
2017-06-30,7.5224
2017-07-03,7.571
2017-07-04,7.5991
2017-07-05,7.5283999999999995
2017-07-06,7.4714
2017-07-07,7.4599
2017-07-10,7.5209
2017-07-11,7.5282
2017-07-12,7.6259
2017-07-13,7.6915
2017-07-14,7.7339
2017-07-17,7.7384
2017-07-18,7.7749
2017-07-19,7.8164
2017-07-20,7.8018
2017-07-21,7.764
2017-07-24,7.6619
2017-07-25,7.6864
2017-07-26,7.724
2017-07-27,7.6302
2017-07-28,7.6052
2017-07-31,7.6714
2017-08-01,7.7947
2017-08-02,7.811
2017-08-03,7.8433
2017-08-04,7.9626
2017-08-07,7.9947
2017-08-08,8.0173
2017-08-09,8.0256
2017-08-10,8.013
2017-08-11,7.8936
2017-08-14,7.9534
2017-08-15,7.9128
2017-08-16,7.964
2017-08-17,7.9835
2017-08-18,7.9187
2017-08-21,7.9094
2017-08-22,7.975
2017-08-23,7.9616
2017-08-24,7.9963999999999995
2017-08-25,7.9374
2017-08-28,7.9129000000000005
2017-08-29,7.9322
2017-08-30,7.9458
2017-08-31,7.992
2017-09-01,8.0526
2017-09-04,8.0413
2017-09-05,8.083
2017-09-06,8.0247
2017-09-07,8.053
2017-09-08,8.018
2017-09-11,8.1072
2017-09-12,8.1099
2017-09-13,8.1153
2017-09-14,8.1808
2017-09-15,8.181
2017-09-18,8.1345
2017-09-19,8.0989
2017-09-20,8.1208
2017-09-21,8.1023
2017-09-22,8.1486
2017-09-25,8.1872
2017-09-26,8.2001
2017-09-27,8.1448
2017-09-28,8.181
2017-09-29,8.1723
2017-10-02,10.3067
2017-10-03,10.3552
2017-10-04,10.2968
2017-10-05,10.3568
2017-10-06,10.1936
2017-10-09,10.2002
2017-10-10,10.2544
2017-10-11,10.3146
2017-10-12,10.2985
2017-10-13,10.3451
2017-10-16,10.2153
2017-10-17,10.233
2017-10-18,10.2575
2017-10-19,10.3016
2017-10-20,10.2705
2017-10-23,10.2297
2017-10-24,10.2117
2017-10-25,10.1244
2017-10-26,10.1915
2017-10-27,10.2521
2017-10-30,10.2718
2017-10-31,10.4116
2017-11-01,10.4065
2017-11-02,10.5194
2017-11-03,10.3216
2017-11-06,10.377
2017-11-07,10.446
2017-11-08,10.419
2017-11-09,10.4681
2017-11-10,10.4099
2017-11-13,10.3472
2017-11-14,10.3731
2017-11-15,10.324
2017-11-16,10.2542
2017-11-17,10.173
2017-11-20,10.2299
2017-11-21,10.2149
2017-11-22,10.2474
2017-11-23,10.2954
2017-11-24,10.2842
2017-11-27,10.2822
2017-11-28,10.3129
2017-11-29,10.3738
2017-11-30,10.3528
2017-12-01,10.2986
2017-12-04,10.3074
2017-12-05,10.3013
2017-12-06,10.2558
2017-12-07,10.2564
2017-12-08,10.2013
2017-12-11,10.2698
2017-12-12,10.3326
2017-12-13,10.2555
2017-12-14,10.1507
2017-12-15,10.1716
2017-12-18,10.1922
2017-12-19,10.1786
2017-12-20,10.0574
2017-12-21,10.0784
2017-12-22,10.1419
2017-12-25,10.1419
2017-12-26,10.1419
2017-12-27,10.1638
2017-12-28,10.1394
2017-12-29,10.0907
2018-01-01,10.0907
2018-01-02,8.2863
2018-01-03,8.3845
2018-01-04,8.5299
2018-01-05,8.5666
2018-01-08,8.5277
2018-01-09,8.4723
2018-01-10,8.4916
2018-01-11,8.4744
2018-01-12,8.5136
2018-01-15,8.5797
2018-01-16,8.5441
2018-01-17,8.5356
2018-01-18,8.546
2018-01-19,8.5551
2018-01-22,8.6042
2018-01-23,8.6063
2018-01-24,8.5944
2018-01-25,8.5825
2018-01-26,8.5405
2018-01-29,8.4519
2018-01-30,8.3699
2018-01-31,8.2783
2018-02-01,8.3169
2018-02-02,8.1681
2018-02-05,7.9963999999999995
2018-02-06,7.8343
2018-02-07,8.0289
2018-02-08,7.9709
2018-02-09,7.9225
2018-02-12,8.0017
2018-02-13,7.9702
2018-02-14,8.0224
2018-02-15,8.0445
2018-02-16,8.1734
2018-02-19,8.0913
2018-02-20,8.0442
2018-02-21,8.0524
2018-02-22,8.0773
2018-02-23,8.1802
2018-02-26,8.1871
2018-02-27,8.1122
2018-02-28,8.0768
2018-03-01,7.7905
2018-03-02,7.8574
2018-03-05,7.9269
2018-03-06,7.9073
2018-03-07,7.8917
2018-03-08,7.9773
2018-03-09,8.1076
2018-03-12,8.2009
2018-03-13,8.2295
2018-03-14,8.227
2018-03-15,8.2335
2018-03-16,8.2959
2018-03-19,8.1929
2018-03-20,8.2242
2018-03-21,8.2463
2018-03-22,8.133
2018-03-23,8.0389
2018-03-26,8.0107
2018-03-27,8.1377
2018-03-28,8.1844
2018-03-29,8.2755
2018-03-30,8.2755
2018-04-02,8.2755
2018-04-03,8.4428
2018-04-04,8.4564
2018-04-05,8.651299999999999
2018-04-06,8.5216
2018-04-09,8.6687
2018-04-10,8.6962
2018-04-11,8.6869
2018-04-12,8.681000000000001
2018-04-13,8.6202
2018-04-16,8.5808
2018-04-17,8.5796
2018-04-18,8.6342
2018-04-19,8.7093
2018-04-20,8.673
2018-04-23,8.7295
2018-04-24,8.7633
2018-04-25,8.6537
2018-04-26,8.6459
2018-04-27,8.5869
2018-04-30,8.5619
2018-05-01,8.5619
2018-05-02,8.4881
2018-05-03,8.4781
2018-05-04,8.5166
2018-05-07,8.5655
2018-05-08,8.5051
2018-05-09,8.5474
2018-05-10,8.6461
2018-05-11,8.7695
2018-05-14,9.1167
2018-05-15,9.1285
2018-05-16,9.0631
2018-05-17,9.0738
2018-05-18,9.1302
2018-05-21,9.1871
2018-05-22,9.1723
2018-05-23,9.0788
2018-05-24,9.0094
2018-05-25,8.926
2018-05-28,8.7318
2018-05-29,8.6398
2018-05-30,8.7547
2018-05-31,8.7306
2018-06-01,8.788
2018-06-04,8.8836
2018-06-05,8.8428
2018-06-06,8.8822
2018-06-07,8.8808
2018-06-08,8.8048
2018-06-11,8.8303
2018-06-12,8.8631
2018-06-13,8.8492
2018-06-14,8.8562
2018-06-15,8.7202
2018-06-18,8.7819
2018-06-19,8.6761
2018-06-20,8.6386
2018-06-21,8.6379
2018-06-22,8.794
2018-06-25,8.7816
2018-06-26,8.7942
2018-06-27,8.8719
2018-06-28,8.8381
2018-06-29,8.7792
2018-07-02,6.7517
2018-07-03,6.7939
2018-07-04,6.8611
2018-07-05,6.9149
2018-07-06,6.9335
2018-07-09,7.0357
2018-07-10,7.0573
2018-07-11,7.0268
2018-07-12,6.9853
2018-07-13,6.9629
2018-07-16,6.9639
2018-07-17,6.9962
2018-07-18,6.9755
2018-07-19,6.9944
2018-07-20,7.0013
2018-07-23,7.0233
2018-07-24,7.011
2018-07-25,7.046
2018-07-26,7.0311
2018-07-27,7.0855
2018-07-30,7.1172
2018-07-31,7.1138
2018-08-01,7.1692
2018-08-02,7.1816
2018-08-03,7.1296
2018-08-06,7.152
2018-08-07,7.1925
2018-08-08,7.1763
2018-08-09,7.1479
2018-08-10,7.14
2018-08-13,7.0863
2018-08-14,7.0702
2018-08-15,6.9727
2018-08-16,7.0103
2018-08-17,7.0169
2018-08-20,7.0058
2018-08-21,7.0433
2018-08-22,7.0785
2018-08-23,7.0618
2018-08-24,7.0749
2018-08-27,7.1315
2018-08-28,7.0977
2018-08-29,7.0908
2018-08-30,7.0715
2018-08-31,6.9996
2018-09-03,7.0189
2018-09-04,6.9615
2018-09-05,6.8006
2018-09-06,6.7165
2018-09-07,6.692
2018-09-10,6.7368
2018-09-11,6.7113
2018-09-12,6.7836
2018-09-13,6.7438
2018-09-14,6.7355
2018-09-17,6.7471
2018-09-18,6.7155000000000005
2018-09-19,6.7061
2018-09-20,6.6889
2018-09-21,6.6962
2018-09-24,6.7777
2018-09-25,6.8347999999999995
2018-09-26,6.799
2018-09-27,6.8285
2018-09-28,6.7536000000000005
2018-10-01,6.2231
2018-10-02,6.2457
2018-10-03,6.2525
2018-10-04,6.2329
2018-10-05,6.1722
2018-10-08,6.101
2018-10-09,6.1119
2018-10-10,6.0803
2018-10-11,5.9352
2018-10-12,5.8959
2018-10-15,5.8869
2018-10-16,5.925
2018-10-17,5.9534
2018-10-18,5.9641
2018-10-19,5.9866
2018-10-22,5.9625
2018-10-23,5.8423
2018-10-24,5.8595
2018-10-25,5.8591
2018-10-26,5.7907
2018-10-29,5.8112
2018-10-30,5.8388
2018-10-31,5.8478
2018-11-01,5.8032
2018-11-02,5.7352
2018-11-05,5.7762
2018-11-06,5.779
2018-11-07,5.7864
2018-11-08,5.8341
2018-11-09,5.7469
2018-11-12,5.736
2018-11-13,5.6201
2018-11-14,5.6887
2018-11-15,5.6856
2018-11-16,5.7221
2018-11-19,5.6775
2018-11-20,5.6491
2018-11-21,5.7168
2018-11-22,5.6573
2018-11-23,5.6253
2018-11-26,5.6709
2018-11-27,5.6373999999999995
2018-11-28,5.6124
2018-11-29,5.6476
2018-11-30,5.6682
2018-12-03,5.7783
2018-12-04,5.7465
2018-12-05,5.7179
2018-12-06,5.5534
2018-12-07,5.6695
2018-12-10,5.6111
2018-12-11,5.6213999999999995
2018-12-12,5.636
2018-12-13,5.587
2018-12-14,5.6073
2018-12-17,5.5164
2018-12-18,5.4135
2018-12-19,5.4755
2018-12-20,5.3951
2018-12-21,5.4081
2018-12-24,5.3902
2018-12-25,5.3902
2018-12-26,5.3902
2018-12-27,5.3347
2018-12-28,5.4164
2018-12-31,5.8932
2019-01-01,5.8932
2019-01-02,5.8925
2019-01-03,5.8994
2019-01-04,6.0598
2019-01-07,6.074
2019-01-08,6.0467
2019-01-09,6.0787
2019-01-10,6.0541
2019-01-11,6.1019
2019-01-14,6.0873
2019-01-15,6.1603
2019-01-16,6.0936
2019-01-17,6.1146
2019-01-18,6.1632
2019-01-21,6.1778
2019-01-22,6.126
2019-01-23,6.1205
2019-01-24,6.1155
2019-01-25,6.1645
2019-01-28,6.0731
2019-01-29,6.123
2019-01-30,6.1156
2019-01-31,6.1655
2019-02-01,6.1698
2019-02-04,6.2152
2019-02-05,6.3624
2019-02-06,6.3798
2019-02-07,6.2754
2019-02-08,6.1593
2019-02-11,6.1776
2019-02-12,6.2387
2019-02-13,6.2299
2019-02-14,6.3198
2019-02-15,6.3747
2019-02-18,6.3725
2019-02-19,6.3807
2019-02-20,6.4295
2019-02-21,6.4299
2019-02-22,6.4445
2019-02-25,6.3972
2019-02-26,6.3987
2019-02-27,6.3988
2019-02-28,6.4045
2019-03-01,6.4514
2019-03-04,6.4707
2019-03-05,6.4652
2019-03-06,6.4856
2019-03-07,6.4782
2019-03-08,6.3817
2019-03-11,6.3706
2019-03-12,6.3319
2019-03-13,6.4705
2019-03-14,6.5468
2019-03-15,6.4603
2019-03-18,6.5586
2019-03-19,6.579
2019-03-20,6.5069
2019-03-21,6.5609
2019-03-22,6.4818
2019-03-25,6.489
2019-03-26,6.549
2019-03-27,6.5648
2019-03-28,6.5748
2019-03-29,6.6136
2019-04-01,6.4638
2019-04-02,6.4689
2019-04-03,6.4975
2019-04-04,6.4546
2019-04-05,6.4338
2019-04-08,6.4668
2019-04-09,6.4256
2019-04-10,6.4928
2019-04-11,6.4477
2019-04-12,6.5314
2019-04-15,6.4942
2019-04-16,6.4242
2019-04-17,6.4214
2019-04-18,6.4545
2019-04-19,6.4545
2019-04-22,6.4545
2019-04-23,6.5114
2019-04-24,6.5102
2019-04-25,6.4805
2019-04-26,6.5628
2019-04-29,6.5195
2019-04-30,6.5327
2019-05-01,6.5327
2019-05-02,6.5042
2019-05-03,6.4897
2019-05-06,6.4204
2019-05-07,6.2946
2019-05-08,6.2602
2019-05-09,6.1532
2019-05-10,6.2203
2019-05-13,6.0546
2019-05-14,6.0923
2019-05-15,6.1153
2019-05-16,6.1384
2019-05-17,6.1673
2019-05-20,6.1716
2019-05-21,6.2411
2019-05-22,6.2589
2019-05-23,6.1759
2019-05-24,6.2595
2019-05-27,6.3391
2019-05-28,6.2793
2019-05-29,6.1898
2019-05-30,6.1648
2019-05-31,6.1112
2019-06-03,6.1123
2019-06-04,6.1738
2019-06-05,6.2152
2019-06-06,6.2765
2019-06-07,6.3971
2019-06-10,6.3867
2019-06-11,6.4014
2019-06-12,6.3281
2019-06-13,6.3106
2019-06-14,6.2747
2019-06-17,6.1852
2019-06-18,6.2947
2019-06-19,6.2138
2019-06-20,6.2286
2019-06-21,6.272
2019-06-24,6.2305
2019-06-25,6.1887
2019-06-26,6.2146
2019-06-27,6.2185
2019-06-28,6.2332
2019-07-01,5.9567
2019-07-02,5.9107
2019-07-03,5.9142
2019-07-04,5.9033999999999995
2019-07-05,5.881
2019-07-08,5.8844
2019-07-09,5.9155999999999995
2019-07-10,5.8934
2019-07-11,5.9794
2019-07-12,6.02
2019-07-15,6.0526
2019-07-16,6.0364
2019-07-17,6.0401
2019-07-18,6.0353
2019-07-19,6.0297
2019-07-22,6.0094
2019-07-23,6.0281
2019-07-24,6.0597
2019-07-25,6.0494
2019-07-26,6.0399
2019-07-29,6.0548
2019-07-30,5.9719
2019-07-31,5.9879
2019-08-01,6.0151
2019-08-02,5.8566
2019-08-05,5.7943
2019-08-06,5.7618
2019-08-07,5.8007
2019-08-08,5.901
2019-08-09,5.8558
2019-08-12,5.8205
2019-08-13,5.846
2019-08-14,5.745
2019-08-15,5.6852
2019-08-16,5.7515
2019-08-19,5.8187
2019-08-20,5.7767
2019-08-21,5.8366
2019-08-22,5.8225999999999996
2019-08-23,5.7722
2019-08-26,5.7695
2019-08-27,5.7604
2019-08-28,5.8117
2019-08-29,5.8511
2019-08-30,5.9526
2019-09-02,6.0169
2019-09-03,5.9738
2019-09-04,6.0725999999999996
2019-09-05,6.1443
2019-09-06,6.0963
2019-09-09,6.0323
2019-09-10,6.0583
2019-09-11,6.0185
2019-09-12,6.0381
2019-09-13,6.0126
2019-09-16,6.0925
2019-09-17,6.1613
2019-09-18,6.1529
2019-09-19,6.1908
2019-09-20,6.2041
2019-09-23,6.1783
2019-09-24,6.197
2019-09-25,6.1265
2019-09-26,6.1526
2019-09-27,6.171
2019-09-30,6.5319
2019-10-01,6.513
2019-10-02,6.413
2019-10-03,6.379
2019-10-04,6.464
2019-10-07,6.5533
2019-10-08,6.4793
2019-10-09,6.483
2019-10-10,6.4666
2019-10-11,6.5076
2019-10-14,6.4621
2019-10-15,6.4881
2019-10-16,6.4737
2019-10-17,6.4307
2019-10-18,6.4076
2019-10-21,6.4033
2019-10-22,6.456
2019-10-23,6.5225
2019-10-24,6.6024
2019-10-25,6.6136
2019-10-28,6.6585
2019-10-29,6.6329
2019-10-30,6.6690000000000005
2019-10-31,6.6785
2019-11-01,6.6875
2019-11-04,6.758
2019-11-05,6.7805
2019-11-06,6.809
2019-11-07,6.7905
2019-11-08,6.8135
2019-11-11,6.8027999999999995
2019-11-12,6.8321
2019-11-13,6.8385
2019-11-14,6.8162
2019-11-15,6.8285
2019-11-18,6.8957
2019-11-19,6.8544
2019-11-20,6.8086
2019-11-21,6.7347
2019-11-22,6.7578
2019-11-25,6.7393
2019-11-26,6.7314
2019-11-27,6.7562
2019-11-28,6.7169
2019-11-29,6.698
2019-12-02,6.6067
2019-12-03,6.5248
2019-12-04,6.6057
2019-12-05,6.6272
2019-12-06,6.7019
2019-12-09,6.6688
2019-12-10,6.6346
2019-12-11,6.6735
2019-12-12,6.7007
2019-12-13,6.7686
2019-12-16,6.8211
2019-12-17,6.8618
2019-12-18,6.8139
2019-12-19,6.8886
2019-12-20,6.9344
2019-12-23,6.9577
2019-12-24,6.9276
2019-12-25,6.9276
2019-12-26,6.9276
2019-12-27,7.0079
2019-12-30,6.947
2019-12-31,7.0826
2020-01-01,7.0826
2020-01-02,7.1026
2020-01-03,7.157
2020-01-06,7.2089
2020-01-07,7.1754
2020-01-08,7.1875
2020-01-09,7.1523
2020-01-10,7.2473
2020-01-13,7.259
2020-01-14,7.2864
2020-01-15,7.3705
2020-01-16,7.39
2020-01-17,7.4038
2020-01-20,7.4272
2020-01-21,7.3693
2020-01-22,7.3411
2020-01-23,7.3112
2020-01-24,7.4256
2020-01-27,7.3002
2020-01-28,7.3775
2020-01-29,7.4116
2020-01-30,7.4304
2020-01-31,7.5123
2020-02-03,7.4504
2020-02-04,7.4991
2020-02-05,7.5754
2020-02-06,7.562
2020-02-07,7.6173
2020-02-10,7.6624
2020-02-11,7.7485
2020-02-12,7.7569
2020-02-13,7.7811
2020-02-14,7.8439
2020-02-17,7.9797
2020-02-18,8.0385
2020-02-19,8.1607
2020-02-20,8.079
2020-02-21,8.0687
2020-02-24,7.7844999999999995
2020-02-25,7.6043
2020-02-26,7.6675
2020-02-27,7.3749
2020-02-28,7.0673
2020-03-02,7.207
2020-03-03,7.3845
2020-03-04,7.591
2020-03-05,7.4182
2020-03-06,7.0592
2020-03-09,6.3933
2020-03-10,6.2801
2020-03-11,6.3101
2020-03-12,5.5919
2020-03-13,5.6917
2020-03-16,5.5279
